NUTS_id,Region_name,1999,2000,2001,2002,2003,2004,2005,2006,2007,2008,2009,2010,2011,2012,2013,2014,2015,2016,2017,2018,2019,2020,2021,2022,region_id
DEG0P,Wartburgkreis,6.52,6.52,7.02,5.5,5.62,7.32,6.62,6.78,6.64,7.05,7.39,6.29,6.29,6.28,7.43,7.82,6.41,7.95,7.2,5.9,7.28,7.37,6.71,6.73,20
DE21M,Traunstein,5.76,6.83,5.94,6.4,6.12,7.46,6,6.42,7.32,7.26,6.05,5.86,7.29,6.93,7.02,8.22,7.75,6.87,8.65,7.46,8.11,8.32,7.37,8.41,21
DE21N,Weilheim-Schongau,5.01,6.05,5.92,4.3,5.58,6.42,5.79,5.69,6.85,6.66,5.95,5.46,6.28,6.33,6.49,7.03,6.44,6.48,6.61,-9999,5.48,-9999,3.01,-9999,22
DE248,Forchheim,5.84,6.3,5.7,6.28,4.91,7.77,5.86,5.86,6.57,6.29,6.05,6.22,6.27,6.68,6.75,7.41,7.43,6.54,7.12,7.05,5.94,7.17,6.32,6.15,29
DE249,"Hof, Landkreis",6.55,6.98,6.84,6.95,6.2,7.58,6.31,5.71,6.55,6.71,6.38,5.94,6.23,6.72,6.45,7.69,7.42,7.11,6.46,4.97,4.11,5.68,4.49,4.52,30
DE24A,Kronach,5.75,5.76,6.28,5.45,4.89,7.04,6.12,5.52,6.45,6.2,6.24,5.63,5.72,6.11,6.28,7.3,6.84,6.51,8.13,4.79,4.72,5.05,5.36,-9999,31
DE24B,Kulmbach,5.74,6.03,6.42,6.31,4.8,7.53,6.32,6,6.63,5.67,5.96,5.61,5.84,6.27,6.68,7.52,7.16,7.06,6.94,5.19,5.74,6.81,5.67,5.5,32
DE24C,Lichtenfels,5.8,6.42,6.49,6.09,5.22,7.39,6.49,6.68,6.84,6.64,6.5,6.23,6.83,5.97,6.83,7.14,6.67,7.24,6.97,4.97,6.01,6.58,6.01,5.16,33
DE24D,Wunsiedel i. Fichtelgebirge,6.26,6.57,6.56,6.08,5.75,7,5.73,5.79,6.45,6.21,6.01,6.01,6.56,7.12,7.33,8.01,7.38,7.04,7.14,7.11,4.31,6.8,-9999,6.34,34
DE251,"Ansbach, Kreisfreie Stadt",5.45,6.33,6.26,6.05,4.29,8.23,5.59,5.65,6.17,5.45,6.11,6.37,6.24,5.92,6.39,6.61,7.49,7.21,-9999,8.18,-9999,6.82,6.16,-9999,35
DE252,"Erlangen, Kreisfreie Stadt",5.3,5.41,5.62,5.91,4.02,7.92,5.99,6.66,6.52,6.21,6.98,5.9,6.37,5.85,6.76,7.01,7.38,-9999,5.77,5.7,-9999,-9999,-9999,6.51,36
DE253,"Fürth, Kreisfreie Stadt",5.79,5.34,5.23,6.37,4.31,7.45,5.79,6.35,7.2,6.82,6.77,6.37,7.28,5.42,7.31,7.74,7.59,7,7.33,6.08,6.62,7.27,7.26,6.71,37
DE254,"Nürnberg, Kreisfreie Stadt",5.64,4.53,5.78,5.91,5.18,6.51,5.84,6.66,6.7,6.4,5.64,5.88,5.82,5.73,6.68,5.99,5.97,-9999,-9999,-9999,-9999,-9999,-9999,-9999,38
DE255,"Schwabach, Kreisfreie Stadt",5.48,4.67,5.02,5.97,4.91,7.12,5.79,6.15,5.66,6.29,5.64,5.88,6.24,5.24,5.74,7.22,6.51,-9999,-9999,-9999,-9999,-9999,-9999,-9999,39
DE256,"Ansbach, Landkreis",5.88,6.07,6.28,6.45,4.63,7.67,6.18,6.35,6.89,6.54,6.79,6.32,6.28,6.23,7.3,7.69,7.28,7.06,6.99,7.08,7.14,7.35,6.78,6.04,40
DE257,Erlangen-Höchstadt,5.25,6.13,5.63,5.51,4.02,7.44,5.64,6.15,6.52,5.36,6.15,5.84,6.37,6.1,6.76,7.01,6.85,6.88,6,5.24,6.53,7.6,6.7,5.6,41
DE258,"Fürth, Landkreis",5.81,5.84,5.22,6,3.57,6.99,5.34,5.67,6.61,6.05,6.61,6.16,5.61,5.57,7.04,7.52,7.24,7.25,6.66,5.64,6.58,6.57,6.93,5.62,42
DE259,Nürnberger Land,-9999,-9999,-9999,-9999,-9999,-9999,-9999,-9999,-9999,-9999,-9999,-9999,-9999,-9999,-9999,-9999,-9999,-9999,-9999,-9999,-9999,-9999,-9999,-9999,43
DEG0L,Greiz,7.21,7.16,7.4,6.17,5.55,8.24,7.4,6.78,7.64,7.97,7.35,6.53,7.16,7.78,7.26,8.72,8.77,9.09,8.09,7.3,7.43,8.88,7.35,6.64,44
DEG0M,Altenburger Land,7.65,7.56,8.02,6.43,6.38,8.83,8.38,7.36,7.59,8.82,8.1,7.1,8.21,8.62,7.53,9.27,9.76,9.39,8.95,7.65,8.34,9.04,7.94,8.38,45
DEG0N,"Eisenach, Kreisfreie Stadt",6.56,6.96,7.4,5.81,6.21,7.73,7.24,6.7,7.31,7.42,7.31,6.41,6.31,6.27,7.55,7.75,6.61,8.12,7.55,5.72,7.06,7.48,-9999,-9999,46
DE401,"Brandenburg an der Havel, Kreisfreie Stadt",-9999,-9999,-9999,-9999,-9999,-9999,-9999,-9999,-9999,-9999,-9999,-9999,-9999,-9999,-9999,-9999,-9999,-9999,-9999,-9999,-9999,-9999,-9999,-9999,76
DE402,"Cottbus, Kreisfreie Stadt",5.39,4.09,3.46,3.41,-9999,3.96,-9999,-9999,-9999,-9999,-9999,-9999,-9999,-9999,-9999,-9999,-9999,-9999,-9999,-9999,-9999,-9999,-9999,2.72,77
DE403,"Frankfurt (Oder), Kreisfreie Stadt",6.35,4.63,6.03,5.09,-9999,5.82,-9999,-9999,-9999,-9999,-9999,5.15,3.12,5.83,-9999,-9999,-9999,-9999,-9999,-9999,-9999,-9999,-9999,-9999,78
DE404,"Potsdam, Kreisfreie Stadt",-9999,-9999,-9999,-9999,-9999,-9999,-9999,-9999,-9999,-9999,-9999,-9999,-9999,-9999,-9999,-9999,-9999,-9999,-9999,-9999,-9999,-9999,-9999,-9999,79
DE405,Barnim,5.49,4.5,5.61,5.25,2.89,6.04,5.38,4.01,3.99,4.17,5.81,4.88,4.19,4.34,6.27,6.56,5.45,5.45,5.37,3.86,5.05,5.66,4.21,5.1,80
DE406,Dahme-Spreewald,5.52,4.05,6.08,5.46,3.88,5.83,4.96,4.37,5.19,5.61,5.62,5.11,4.25,4.03,6.03,6.51,5.85,6.75,4.58,4.17,4.6,5.29,4.76,5.04,81
DE407,Elbe-Elster,6.26,4.92,6.34,5.32,3.51,7.84,5.68,5.08,5.32,5.78,6.37,5.8,3.77,4.02,6.25,7.19,6.89,7.01,5.4,5.05,5.32,6.01,5.92,5.56,82
DE408,Havelland,6.42,4.69,6.43,5.56,4.08,6.59,5.56,4.63,4.75,5.94,6.05,5.71,4.93,6.43,7.3,7.29,6.87,7.15,6.19,5.44,4.86,7.26,5.91,7.01,83
DE733,Hersfeld-Rotenburg,6.98,6.53,7.47,6.16,6.3,7.59,6.75,6.68,6.51,7.51,7.52,6.74,6.83,6.26,7.45,8.24,7.51,5.63,6.63,6.03,7.29,7.49,6.32,6.48,84
DE734,"Kassel, Landkreis",8.23,7.52,8.23,6.97,7.47,8.75,7.82,8.2,7.12,9.18,8.21,8.09,8,6.98,8.66,8.85,8.39,7.73,7.34,6.98,7.82,7.87,7.09,7.76,85
DE735,Schwalm-Eder-Kreis,8.33,8.02,8.89,7.38,7.79,9.27,7.82,8,7.63,9.01,7.97,7.7,8.1,6.67,8.52,8.7,8.16,7.69,7.53,6.75,8.08,7.9,7.01,7.79,86
DE736,Waldeck-Frankenberg,6.66,6.73,8.13,7.07,6.72,8.22,7.23,7.49,7.12,8.25,7.75,7.25,7.34,6.68,8.33,8.18,7.64,7.73,7.3,6.91,7.87,7.54,7.07,7.42,87
DE737,Werra-Meißner-Kreis,8.02,7.22,8.34,6.87,6.4,8.43,7.53,7.29,7.02,7.96,7.56,7.09,6.95,6.47,7.71,7.98,7.64,7.93,6.97,6.63,7.58,7.38,6.85,7.26,88
DE803,"Rostock, Kreisfreie Stadt",-9999,-9999,-9999,-9999,-9999,-9999,-9999,-9999,-9999,-9999,-9999,-9999,-9999,-9999,-9999,-9999,-9999,-9999,-9999,-9999,-9999,-9999,-9999,-9999,89
DE804,"Schwerin, Kreisfreie Stadt",-9999,-9999,-9999,-9999,-9999,-9999,-9999,-9999,-9999,-9999,-9999,-9999,-9999,-9999,-9999,-9999,-9999,-9999,-9999,-9999,-9999,-9999,-9999,-9999,90
DE80J,Mecklenburgische Seenplatte,-9999,-9999,-9999,-9999,-9999,-9999,-9999,-9999,-9999,-9999,-9999,-9999,6.86,6.48,8.11,8.82,8.72,6.2,7.28,5.85,7.19,7.76,7.24,7.59,91
DE80K,Landkreis Rostock,-9999,-9999,-9999,-9999,-9999,-9999,-9999,-9999,-9999,-9999,-9999,-9999,6.27,7.74,8.53,9,8.51,6.5,7.53,5.6,7.88,8.58,8.15,8.44,92
DE933,Harburg,7.87,7.22,7.92,6.5,6.73,7.57,7.46,7.12,6.52,7.33,7.84,7.06,6.68,7.34,8.09,8.6,8.23,7.01,7.1,5.19,7.49,6.95,6.91,7.15,93
DE934,Lüchow-Dannenberg,7.25,6.76,7.95,6.41,5.81,7.61,7.14,6.82,6.37,7.33,7.79,6.84,6.83,7.16,8.08,8.86,8.22,7.77,7.78,5.22,6.94,6.89,6.69,6.52,94
DE935,"Lüneburg, Landkreis",7.96,6.7,7.8,6.18,6.34,7.38,7.59,6.9,6.02,7.63,7.88,7.05,6.73,7.02,7.96,8.75,8.3,7.69,6.86,5.29,7.13,7.42,7.33,7.74,95
DE80L,Vorpommern-Rügen,-9999,-9999,-9999,-9999,-9999,-9999,-9999,-9999,-9999,-9999,-9999,-9999,7.28,7.72,8.47,9.37,9.61,7.38,7.96,6.96,8.89,8.74,8.38,9.49,96
DE80M,Nordwestmecklenburg,-9999,-9999,-9999,-9999,-9999,-9999,-9999,-9999,-9999,-9999,-9999,-9999,6.44,8.73,9.04,9.77,9.29,7.95,7.97,5.94,8.62,8.8,8.55,8.92,97
DE80N,Vorpommern-Greifswald,-9999,-9999,-9999,-9999,-9999,-9999,-9999,-9999,-9999,-9999,-9999,-9999,7.19,7.33,8.73,9.22,8.78,6.13,7.48,5.99,7.45,7.44,6.78,7.94,98
DE80O,Ludwigslust-Parchim,-9999,-9999,-9999,-9999,-9999,-9999,-9999,-9999,-9999,-9999,-9999,-9999,-9999,-9999,-9999,-9999,-9999,-9999,-9999,-9999,-9999,-9999,-9999,-9999,99
DE911,"Braunschweig, Kreisfreie Stadt",8.98,8.29,8.93,7.1,6.56,8.66,7.87,8.06,7.09,9.19,8.58,8.07,7.19,7.59,8.44,8.94,8.58,8.67,8.63,6.01,8.38,7.71,7.95,8.01,100
DE912,"Salzgitter, Kreisfreie Stadt",9.95,9.78,9.87,7.75,8.13,9.42,8.89,8.67,7.78,10.52,9.21,9.22,8.45,7.98,9.14,9.35,9.59,9.46,9.24,7.99,8.48,9.18,7.99,9.35,101
DE913,"Wolfsburg, Kreisfreie Stadt",8.13,6.68,8.02,6.75,5.29,8.48,6.98,7.1,6.92,7.85,8.16,6.43,6.63,7.43,7.46,8.77,7.49,8.15,8.01,5.95,7.63,7.62,7.26,7.13,102
DE914,Gifhorn,8.07,7.37,8.27,6.91,6.51,8.25,7.61,7.49,6.98,8.72,8.3,7.12,7.14,7.65,8.23,9.04,8.33,8.4,8.11,6.3,7.55,7.62,7.52,7.68,103
DE916,Goslar,9.17,8.72,9.13,7.08,6.99,8.92,8.31,8.05,7.53,9.89,8.62,8.48,7.93,7.43,8.81,9.1,8.85,8.84,8.65,7.36,9.05,8.87,7.84,8.69,104
DE917,Helmstedt,8.99,8.39,8.86,6.83,6.77,8.6,7.86,7.93,7.14,8.91,8.65,7.7,7.38,7.43,8.36,8.94,8.28,8.83,8.21,6.83,8.24,7.55,7.65,7.11,105
DEA52,"Dortmund, Kreisfreie Stadt",8.25,8.25,9.13,7.97,8.63,8.93,8.82,7.95,7.56,8.9,9.16,7.46,8.97,8.84,9.01,9.11,-9999,-9999,-9999,-9999,-9999,-9999,-9999,-9999,106
DEA53,"Hagen, Kreisfreie Stadt",7.18,7.86,8.55,8.36,7.96,8.28,8.55,7.53,-9999,-9999,-9999,-9999,-9999,-9999,-9999,-9999,-9999,-9999,-9999,-9999,-9999,-9999,-9999,-9999,107
DEA54,"Hamm, Kreisfreie Stadt",7.61,7.56,8.52,7.75,7.88,8.08,8.41,7.62,6.96,9.24,8.6,7.78,8.21,8.29,9.2,8.73,8.61,8.43,9.15,8.62,8.88,9.68,8.63,10,108
DEA55,"Herne, Kreisfreie Stadt",-9999,-9999,-9999,-9999,-9999,8.69,-9999,7.43,-9999,-9999,-9999,-9999,-9999,8.44,8.07,7.68,-9999,-9999,-9999,-9999,-9999,-9999,-9999,-9999,109
DEA56,Ennepe-Ruhr-Kreis,8.51,7.9,8.43,8.44,8.82,8.49,8.39,7.81,8.04,9.12,8.93,8.27,7.28,8.24,9.1,9.47,-9999,-9999,-9999,-9999,-9999,-9999,-9999,-9999,110
DE936,Osterholz,7.67,7.58,8.04,6.71,6.68,7.76,7.88,7.28,5.69,7.27,7.5,6.77,6.83,7.22,8.03,8.65,8.3,7.48,7.76,5.9,8.19,7.42,-9999,6.7,111
DE937,Rotenburg (Wümme),7.19,6.54,7.74,6.29,6.47,6.96,7.3,6.85,5.82,6.65,7.46,6.39,6.3,7.21,7.88,8.69,7.99,7.17,7.41,4.11,7.19,6.24,6.88,6.99,112
DE938,Heidekreis,7.36,6.73,7.77,6.11,5.89,7.23,7.4,6.8,6.19,7.07,7.76,6.4,6.68,7.16,8.06,8.72,8.03,7.66,7.71,5.4,6.84,6.43,7.07,7.81,113
DE939,Stade,8.58,8.44,8.82,6.9,8.12,8.33,8.48,7.81,6.96,8.68,8.47,7.89,7.43,8.01,8.22,8.84,8.86,7.42,8.59,6.44,8.49,7.58,7.67,8.18,114
DE93A,Uelzen,8.09,7.69,8.67,7.05,6.8,8.12,8.18,7.7,7.06,8.61,8.1,7.24,7.4,7.56,8.55,8.95,8.69,8.28,8.16,6.97,7.2,7.03,7.28,7.87,115
DE93B,Verden,8.31,8.25,9.01,7.23,7.22,8.27,8.22,7.89,6.86,8.21,8.44,7.55,7.15,7.16,8.9,8.69,8.6,7.96,7.75,5.06,8.26,7.09,7.77,8.48,116
DE941,"Delmenhorst, Kreisfreie Stadt",-9999,-9999,-9999,-9999,-9999,-9999,-9999,-9999,-9999,-9999,-9999,-9999,-9999,-9999,-9999,-9999,-9999,-9999,-9999,-9999,-9999,-9999,-9999,-9999,117
DE128,Rhein-Neckar-Kreis,5.98,6.45,6.54,6.36,5.66,7.69,7.26,7.29,6.57,7.6,7.26,7.19,6.11,6.89,6.91,7.29,7.28,6.17,7.8,7.61,7.78,8.28,6.91,7.38,118
DE129,"Pforzheim, Stadtkreis",-9999,-9999,-9999,-9999,-9999,-9999,-9999,-9999,-9999,-9999,-9999,-9999,-9999,-9999,-9999,-9999,-9999,-9999,-9999,-9999,-9999,-9999,-9999,-9999,119
DE12A,Calw,5.89,6.36,6.24,5.83,5.28,7.32,5.38,6.38,6.82,6.99,6.91,6.3,8.88,6.96,8.16,9.04,8.2,8.27,8.08,8.31,-9999,9.21,-9999,8.88,120
DEF0A,Plön,-9999,-9999,-9999,-9999,-9999,-9999,-9999,-9999,-9999,-9999,-9999,-9999,-9999,-9999,-9999,-9999,-9999,-9999,-9999,-9999,-9999,-9999,-9999,-9999,121
DEF0B,Rendsburg-Eckernförde,9.04,9.76,9.83,8.16,8.88,8.82,8.93,8.56,7.63,9.77,9.61,8.95,7.88,8.92,8.6,10.44,9.94,8.78,9.18,8.08,9.08,9.02,9.25,9.73,122
DEF0C,Schleswig-Flensburg,9.08,9.7,9.66,8.28,8.9,8.89,9.09,8.66,7.57,9.57,9.95,8.75,8.41,8.73,9.01,10.66,10.19,8.56,9.13,8.12,8.74,9.02,9.16,9.64,123
DEF0D,Segeberg,8.39,8.73,9.36,7.44,8.46,8.63,8.25,8.03,6.74,8.22,8.85,8.39,7.25,8.92,8.71,10.14,9.5,8.67,8.56,5.5,8.28,8.24,8.51,8.59,124
DEF0E,Steinburg,8.15,8.82,9.17,6.71,7.57,8.58,8.93,8.32,6.35,9.52,9.37,9.16,8.54,8.92,8.16,10.13,9.73,8.23,8.43,6.76,7.86,8.81,7.61,9.41,125
DEF0F,Stormarn,8.58,8.89,9.52,7.35,8.5,8.6,8.57,8.11,6.46,8.48,8.87,8.22,7.35,8.71,8.85,10.26,9.38,9.29,8.53,6.58,8.7,8.27,8.69,8.97,126
DEG01,"Erfurt, Kreisfreie Stadt",7.22,6.31,7.49,6.08,5.87,8.1,6.77,6.7,6.22,7.62,6.99,5.88,5.83,6.54,8.21,8,6.6,8.69,7.75,6.46,5.92,6.78,7.25,7.83,127
DEG02,"Gera, Kreisfreie Stadt",7.95,6.74,8.39,6.4,4.63,8.58,7.02,7.05,8,8.55,8.05,7.13,7.85,8.21,7.66,9.23,9.88,9.68,9.39,8.35,8.87,9.74,8.67,8.63,128
DEA57,Hochsauerlandkreis,8.44,7.36,8.75,7.22,6.79,8.06,7.7,6.94,6.73,8.11,8.03,7.72,7.81,7.33,8.46,8.65,-9999,7.56,8.07,7.64,8.05,8.06,6.05,8.34,129
DEA58,Märkischer Kreis,7.35,6.57,8.12,6.41,6.92,7.98,7.63,7.05,5.94,7.87,7.61,6.86,8.37,6.64,7.57,7.47,-9999,7.76,7.67,6.99,6.81,-9999,4.84,-9999,130
DEA59,Olpe,5.64,5.06,7.29,5.21,5.22,5.11,5.94,6.01,5.37,7.4,7.61,5.52,7.02,3.79,8.07,8.19,-9999,-9999,-9999,-9999,-9999,-9999,-9999,-9999,131
DEA5A,Siegen-Wittgenstein,5.5,4.57,5.2,5.48,4.85,5.27,5.07,4.45,5.15,5.44,4.74,6.03,6.28,-9999,-9999,5.63,-9999,-9999,-9999,-9999,-9999,-9999,-9999,-9999,132
DEA5B,Soest,9.06,8.33,9.46,8.37,8.56,8.81,8.87,7.98,7.59,9.04,8.73,8.39,8.67,8.24,9.62,9.24,9.44,8.95,8.66,8.46,8.47,9.14,7.86,9.5,133
DEA5C,Unna,9.07,8.76,9.65,8.61,8.75,8.72,8.94,8.68,7.42,9.42,9.3,8.79,8.81,8.67,9.92,9.5,-9999,7.96,8.11,7.96,7.8,8.58,7.46,8.66,134
DEB11,"Koblenz, Kreisfreie Stadt",-9999,-9999,-9999,-9999,-9999,-9999,-9999,-9999,-9999,-9999,-9999,-9999,-9999,-9999,-9999,-9999,-9999,-9999,-9999,-9999,-9999,-9999,-9999,-9999,135
DEB17,Mayen-Koblenz,7.11,6.9,7.76,6.77,6.64,7.89,6.91,7.18,6.65,7.76,7.73,6.82,6.26,6.27,8.03,7.36,8.46,6.23,6.9,7.94,7.54,7.9,7.62,8.37,136
DEB18,Neuwied,6.14,6.25,7.38,6.6,6.28,7.22,6.2,6.69,6,6.52,6.37,6.03,5.98,5.06,-9999,-9999,-9999,5.8,-9999,-9999,-9999,-9999,-9999,-9999,137
DEB1A,Rhein-Lahn-Kreis,6.86,6.95,7.55,7.14,7.08,8.28,7.36,7.44,6.66,8.06,7.87,7.47,6.69,5.41,8.16,7.66,7.85,6.55,7.63,7.49,8.14,8.66,7.66,8.71,138
DE27B,Ostallgäu,6.43,7.42,7.12,6.71,6.98,7.84,6.79,6.79,7.69,7.74,7.07,6.74,6.96,7.32,6.42,8.2,7.95,7.91,9.44,9.4,9.1,10.16,7.86,9.66,139
DE409,Märkisch-Oderland,6.39,5.12,6.24,5.56,3.83,6.65,6.43,5.2,5.53,6.47,6.71,5.89,4.54,5.38,7.28,7.94,6.29,6.57,6.38,5.38,6.21,6.43,5.86,6.6,140
DE40A,Oberhavel,6.09,4.08,5.46,4.94,2.72,5.36,4.82,4.59,4.47,5.78,5.39,5.66,4.81,4.74,7.02,6.34,7.07,5.69,5.22,4.37,4.72,5.31,4.65,5.11,141
DEB1B,Westerwaldkreis,5.69,5.93,6.37,6.02,6.25,6.59,6.51,6.48,5.64,6.71,5.99,6.17,6.63,5.82,-9999,6.71,7.56,5.21,6.7,6.33,7.23,7.23,6.29,7.22,142
DEB1C,Cochem-Zell,6.68,6.77,6.96,7.01,6.55,7.65,6.9,7.36,6.55,7.57,7.62,6.52,6.42,-9999,8.03,7.16,7.54,7.87,7.18,-9999,8.14,-9999,-9999,-9999,143
DEB1D,Rhein-Hunsrück-Kreis,7.03,6.67,7.35,6.92,6.9,7.94,7.03,7.15,7.31,8.13,8.29,8.15,7.17,6.3,8.44,7.85,7.24,6.92,7.87,8.24,8.58,8.55,7.71,8.9,144
DEB21,"Trier, Kreisfreie Stadt",-9999,-9999,-9999,-9999,-9999,-9999,-9999,-9999,-9999,-9999,-9999,-9999,-9999,-9999,-9999,-9999,-9999,-9999,-9999,-9999,-9999,-9999,-9999,-9999,145
DEB22,Bernkastel-Wittlich,6.3,6.24,6.76,6.69,6.66,7.36,6.6,7.1,6.14,6.94,7,6.87,5.78,6.52,7.59,6.62,6.58,6.46,6.59,7.05,7.73,7.43,7.17,7.05,146
DEB23,Eifelkreis Bitburg-Prüm,6.08,6.19,6.3,6.23,6.22,6.7,6.39,6.44,5.94,7.17,7.16,6.29,5.88,6.89,7.12,6.85,6.81,6.26,6.1,6.69,7.48,6.48,7.08,7.09,147
DEB24,Vulkaneifel,5.83,5.99,5.84,5.55,5.67,5.95,5.76,5.61,5.31,6.52,6.95,5.69,6.27,6.53,7.39,7.43,-9999,6.54,4.67,6.28,6.57,6.03,6.82,-9999,148
DE27C,Unterallgäu,6.18,6.85,7.11,6.49,6.61,7.57,6.99,6.48,7.52,7.45,6.49,6.39,7.67,7.59,7.81,7.89,8.42,7.18,8.84,9.82,8.95,9.81,7.09,9.08,149
DE27D,Donau-Ries,6.76,7.22,7.35,6.91,5.71,8.42,7.05,7.29,8,8.16,7.38,7.12,7.19,7.81,8.05,8.75,8.5,7.63,8.16,8.25,8.28,8.84,7.47,7.55,150
DE27E,Oberallgäu,6.09,6.24,6.88,6.51,6.52,7.73,6.52,6.29,7.33,7.43,6.46,6.09,6.91,6.95,6.39,7.44,7.49,-9999,-9999,-9999,-9999,-9999,-9999,-9999,151
DE300,Berlin,-9999,-9999,-9999,-9999,-9999,-9999,-9999,-9999,-9999,-9999,-9999,-9999,-9999,-9999,-9999,-9999,-9999,-9999,-9999,-9999,-9999,-9999,-9999,-9999,152
DEA31,"Bottrop, Kreisfreie Stadt",-9999,-9999,-9999,-9999,-9999,-9999,-9999,-9999,-9999,-9999,-9999,-9999,-9999,-9999,-9999,-9999,-9999,-9999,-9999,-9999,-9999,-9999,-9999,-9999,153
DEA32,"Gelsenkirchen, Kreisfreie Stadt",-9999,-9999,-9999,-9999,-9999,-9999,-9999,-9999,-9999,-9999,-9999,-9999,-9999,-9999,-9999,-9999,-9999,-9999,-9999,-9999,-9999,-9999,-9999,-9999,154
DEA33,"Münster, Kreisfreie Stadt",8.33,8.24,9.49,8.93,8.14,8.45,8.97,8.11,7.46,9.21,8.76,7.67,7.65,8.74,9.67,8.09,-9999,7.86,8.62,8.39,8.51,9.13,8.16,-9999,155
DEA34,Borken,8.6,8.02,8.96,8.12,7.6,8.62,8.59,7.39,6.75,8.6,8.43,7.24,7.45,8.74,8.74,9.39,-9999,7.7,7.9,8.15,8.07,8.84,8.53,7.99,156
DEA35,Coesfeld,8.78,8.29,9.12,8.45,8.17,8.8,8.59,7.86,6.6,9.11,8.9,7.41,8.39,8.66,9.7,8.77,8.64,8.13,8.51,7.98,7.58,9.27,7.68,8.37,157
DEA36,Recklinghausen,7.95,7.47,8.87,7.94,7.68,8.4,8.11,7.11,7.08,8.53,8,6.08,7.66,7.71,9.18,9.85,-9999,7.56,8.31,7.3,7.88,7.87,7.24,8.71,158
DEA37,Steinfurt,8.12,7.8,8.36,8.03,7.05,8.21,6.99,6.84,6.07,7.79,7.44,5.99,7.07,7.51,7.91,8.82,-9999,6.73,6.97,7.09,7.11,6.78,7.15,7.42,159
DEA38,Warendorf,7.92,8.24,8.69,7.9,7.58,8.17,7.98,7.58,6.97,8.64,8.54,7.67,7.78,8.31,9.07,8.8,8.04,7.94,7.4,7.45,7.25,8.28,7.22,7.89,160
DEA41,"Bielefeld, Kreisfreie Stadt",8.81,8.24,9.34,7.49,7.74,8.79,8.17,7.83,7.23,9.21,8.72,7.35,8.65,7.84,8.91,8.74,-9999,7.58,7.93,7.79,7.74,8.42,7.23,8.92,161
DE40B,Oberspreewald-Lausitz,4.89,3.54,4.4,3.55,2.57,6.28,4.94,3.28,4.31,4.64,3.57,4.25,3.58,3.07,4.79,5.65,4.79,5.03,4.31,3.71,4.3,4.28,4.45,4.37,162
DE40C,Oder-Spree,5.47,5.56,5.85,5.36,3.57,5.9,5.85,5.32,5.42,6.04,5.92,5.47,3.85,4.53,6.91,7.48,7.2,5.94,5.9,4.95,5.19,6.89,6.03,4.84,163
DEB12,Ahrweiler,5.8,6.07,7.31,6.84,5.96,7.17,6.3,-9999,7.28,-9999,-9999,-9999,-9999,-9999,-9999,-9999,-9999,-9999,7.75,7.71,-9999,-9999,-9999,-9999,164
DEB13,Altenkirchen (Westerwald),5.73,6.24,6.31,5.9,5.76,6.64,6.42,6.37,5.89,6.41,5.77,4.88,5.28,-9999,-9999,-9999,8.06,-9999,8.45,-9999,4.72,-9999,-9999,-9999,165
DEB14,Bad Kreuznach,6.47,6.37,6.75,6.81,5.15,7.21,6.17,6.79,6.56,7.03,7.33,7.22,5.74,6.31,7.37,6.85,7.19,7.03,6.93,7.68,7.04,7.76,6.66,7.57,166
DEB25,Trier-Saarburg,6.22,6.26,6.46,6.14,6.44,7.28,6.4,6.9,6.57,7.27,7.13,6.96,7.09,7.63,7.55,7.01,6.9,7.23,6.76,8.37,7.16,8.4,7.9,7.17,167
DEB31,"Frankenthal (Pfalz), Kreisfreie Stadt",-9999,-9999,-9999,-9999,-9999,-9999,-9999,-9999,-9999,-9999,-9999,-9999,-9999,-9999,-9999,-9999,-9999,-9999,-9999,-9999,-9999,-9999,-9999,-9999,168
DEB32,"Kaiserslautern, Kreisfreie Stadt",-9999,-9999,-9999,-9999,-9999,-9999,-9999,-9999,-9999,-9999,-9999,-9999,-9999,-9999,-9999,-9999,-9999,-9999,-9999,-9999,-9999,-9999,-9999,-9999,169
DEB33,"Landau in der Pfalz, Kreisfreie Stadt",-9999,-9999,-9999,-9999,-9999,-9999,-9999,-9999,-9999,-9999,-9999,-9999,-9999,-9999,-9999,-9999,-9999,-9999,-9999,-9999,-9999,-9999,-9999,-9999,170
DEB34,"Ludwigshafen am Rhein, Kreisfreie Stadt",-9999,-9999,-9999,-9999,-9999,-9999,-9999,-9999,-9999,-9999,-9999,-9999,-9999,-9999,-9999,-9999,-9999,-9999,-9999,-9999,-9999,-9999,-9999,-9999,171
DEB35,"Mainz, Kreisfreie Stadt",-9999,-9999,-9999,-9999,-9999,-9999,-9999,-9999,-9999,-9999,-9999,-9999,-9999,-9999,-9999,-9999,-9999,-9999,-9999,-9999,-9999,-9999,-9999,-9999,172
DEB36,"Neustadt an der Weinstraße, Kreisfreie Stadt",-9999,-9999,-9999,-9999,-9999,-9999,-9999,-9999,-9999,-9999,-9999,-9999,-9999,-9999,-9999,-9999,-9999,-9999,-9999,-9999,-9999,-9999,-9999,-9999,173
DEB37,"Pirmasens, Kreisfreie Stadt",-9999,-9999,-9999,-9999,-9999,-9999,-9999,-9999,-9999,-9999,-9999,-9999,-9999,-9999,-9999,-9999,-9999,-9999,-9999,-9999,-9999,-9999,-9999,-9999,174
DEB38,"Speyer, Kreisfreie Stadt",-9999,-9999,-9999,-9999,-9999,-9999,-9999,-9999,-9999,-9999,-9999,-9999,-9999,-9999,-9999,-9999,-9999,-9999,-9999,-9999,-9999,-9999,-9999,-9999,175
DEB39,"Worms, Kreisfreie Stadt",-9999,-9999,-9999,-9999,-9999,-9999,-9999,-9999,-9999,-9999,-9999,-9999,-9999,-9999,-9999,-9999,-9999,-9999,-9999,-9999,-9999,-9999,-9999,-9999,176
DEB3A,"Zweibrücken, Kreisfreie Stadt",-9999,-9999,-9999,-9999,-9999,-9999,-9999,-9999,-9999,-9999,-9999,-9999,-9999,-9999,-9999,-9999,-9999,-9999,-9999,-9999,-9999,-9999,-9999,-9999,177
DEB3B,Alzey-Worms,7.34,7.07,7.76,7.51,5.55,7.44,5.73,7.78,6.36,7.93,8.04,7.48,5.83,7.09,7.91,7.71,7.94,6.86,6.95,7.92,6.8,8.04,7.57,6.97,178
DEB3C,Bad Dürkheim,6.9,7.09,7.04,7.3,6.04,7.58,5.46,6.7,6.12,7.57,7.69,7.09,5.8,6.97,7.73,7.21,6.59,6.59,6.69,7.62,6.97,8.15,7.65,-9999,179
DEB3D,Donnersbergkreis,7.16,6.92,7.16,7.16,5.69,7.65,5.92,7.3,6.19,7.17,7.45,7.32,5.38,6.67,8.39,7.18,6.45,7.14,6.9,7.6,7.28,7.72,7.94,7,180
DEB3E,Germersheim,6.7,6.17,6.65,6.27,5.73,7.05,5.85,6.58,5.78,6.87,7.13,7.04,6.52,6.42,7.13,7.21,7.6,5.47,7.12,6.68,7.44,7.94,7.04,7.65,181
DEB3F,"Kaiserslautern, Landkreis",5.74,5.98,6.35,6.12,5.15,7.34,5.96,-9999,-9999,-9999,-9999,-9999,-9999,7.29,-9999,-9999,8.36,-9999,-9999,-9999,-9999,-9999,-9999,-9999,182
DEB3G,Kusel,5.87,5.91,6.24,5.78,5.24,7.35,5.98,6.44,5.67,6.22,6.93,5.82,4.46,5.75,6.87,6.55,6.33,5.85,5.88,6.74,6.98,6.45,7.36,6.98,183
DEB3H,Südliche Weinstraße,7.02,6.64,7.24,7.05,5.95,7.74,6.97,7.37,6.69,8.01,7.74,7.53,7.13,7.41,8.28,7.57,8.5,6.25,7.4,8.02,8.26,8.8,7.64,7.8,184
DEB3I,Rhein-Pfalz-Kreis,6.82,6.76,7.27,7.21,5.93,7.05,5.45,6.9,5.94,7.33,7.38,7.67,5.79,7.02,7.66,7.38,7.46,6.03,7.43,7.32,7.65,7.5,-9999,7.28,185
DEB3J,Mainz-Bingen,7.35,7.05,8.21,7.25,5.75,8.21,6.1,7.2,6.41,7.73,7.44,7.76,6.43,7.1,8.09,7.55,7.64,7.22,7.05,7.51,7.07,7.74,7.13,7.26,186
DE125,"Heidelberg, Stadtkreis",-9999,-9999,-9999,-9999,-9999,-9999,-9999,-9999,-9999,-9999,-9999,-9999,-9999,-9999,-9999,-9999,-9999,-9999,-9999,-9999,-9999,-9999,-9999,-9999,187
DE126,"Mannheim, Stadtkreis",-9999,-9999,-9999,-9999,-9999,-9999,-9999,-9999,-9999,-9999,-9999,-9999,-9999,-9999,-9999,-9999,-9999,-9999,-9999,-9999,-9999,-9999,-9999,-9999,188
DE127,Neckar-Odenwald-Kreis,6.18,6.58,6.73,6.32,5.42,7.57,6.36,7.2,6.6,6.81,7.18,6.32,6.19,5.52,7.28,8.06,7.14,6.35,7.47,6.38,7.01,6.86,6.44,6.2,189
DE12B,Enzkreis,6.16,6.26,6.56,6.69,5.58,7.42,6.12,7.04,6.31,7.14,7.25,6.72,7.74,7.38,7.35,7.08,8.3,6.62,7.78,8.04,7.67,8.37,6.85,8.39,190
DEE0D,Stendal,6.71,5.5,6.59,5.76,3.93,7,6.47,5.79,5.7,6.14,6.82,6.47,5.53,6.8,6.64,8.09,6.75,6.98,6.6,4.94,5.26,7.26,6.19,6.02,191
DEE0E,Wittenberg,-9999,-9999,-9999,-9999,-9999,-9999,-9999,5.9,6.32,6.51,7.53,6.92,4.54,6.87,6.96,7.93,6.32,6.97,6.61,4.55,5.35,7,6.79,6.18,192
DEF01,"Flensburg, Kreisfreie Stadt",9.15,9.86,9.74,8.39,9.17,9.1,9.32,9.05,7.74,9.96,9.78,8.08,8.52,8.48,8.34,8.93,9.4,-9999,-9999,-9999,-9999,-9999,-9999,-9999,193
DEF02,"Kiel, Kreisfreie Stadt",9.39,9.78,9.96,8.35,8.88,9.2,9.26,8.85,7.47,9.8,9.68,8.59,7.34,9.46,8.62,11.33,9.92,-9999,-9999,-9999,-9999,-9999,-9999,-9999,194
DEF03,"Lübeck, Kreisfreie Stadt",9.32,9.4,9.67,7.78,8.48,9.16,9.63,8.63,7.1,9.32,8.71,8.79,8.13,8.59,8.79,10.5,9.95,9.67,8.44,7.57,8.57,8.44,8.89,10.17,195
DEF04,"Neumünster, Kreisfreie Stadt",8.22,7.94,8.43,7.02,7.95,7.39,7.37,7.3,5.87,6.84,7.33,6.26,6.03,7.65,7.86,8.68,7.73,-9999,-9999,-9999,-9999,-9999,-9999,-9999,196
DEF05,Dithmarschen,9.32,9.72,9.6,8.05,8.43,9.34,9.32,8.73,7.73,9.86,9.38,8.9,9.01,8.76,8.69,10.26,9.89,8.46,8.99,7.65,8.89,9.4,8.57,9.47,197
DEF06,Herzogtum Lauenburg,9.19,9.11,9.69,7.83,8.42,8.92,9.17,8.39,7.31,9.2,9.11,8.71,7.78,8.76,9.16,10.43,9.6,9.1,8.39,6.65,8.49,8.63,8.61,8.54,198
DE12C,Freudenstadt,6.06,6.5,7.26,6.45,5.96,8.18,6.42,6.82,7.11,7.6,7.27,6.91,8.42,7.89,6.88,9.6,7.57,7.81,8.04,8.45,8.55,8.67,7.07,7.78,199
DE131,"Freiburg im Breisgau, Stadtkreis",-9999,-9999,-9999,-9999,-9999,-9999,-9999,-9999,-9999,-9999,-9999,-9999,-9999,-9999,-9999,-9999,-9999,-9999,-9999,-9999,-9999,-9999,-9999,-9999,200
DE132,Breisgau-Hochschwarzwald,6.17,6.54,6.41,6.85,4.72,6.47,6.25,6.66,6.28,7.19,6.24,6.44,9.19,7.98,8.4,9.51,9.03,6.87,8,8.22,8.76,9.82,8.05,9,201
DE133,Emmendingen,5.5,5.9,6.03,6.28,5.3,6.91,6.33,6.57,4.95,6.99,6.31,5.83,8.3,7.11,8.22,8.11,-9999,5.62,8.26,8.63,8.07,7.89,7.54,7.19,202
DE134,Ortenaukreis,5.91,6.23,5.79,6.47,5.26,7.8,6.53,6.89,6.38,7.6,7.3,7.02,8.12,7.12,7.52,8.36,8.6,5.42,8.04,7.82,8.04,8.34,7.05,7.4,203
DE135,Rottweil,6.52,7.09,7.25,6.66,5.75,7.71,6.85,7.14,7.44,7.32,7.33,7.01,8.28,7.44,6.21,8.61,7.05,6.95,7.43,8.39,7.37,8.23,6.75,7.33,204
DE136,Schwarzwald-Baar-Kreis,6.48,7.57,6.87,6.96,6.24,7.79,7.08,6.97,7.84,6.68,6.47,7.91,8.37,7.47,7.48,9.06,7.83,6.75,7.71,7.87,7.31,8.81,-9999,-9999,205
DE137,Tuttlingen,6.22,6.8,6.41,6.28,5.78,6.85,6.26,6.76,6.74,6.93,6.73,6.42,6.53,7.23,6.12,7.76,6.5,6.29,7.13,7.19,8.17,7.86,6.63,7.69,206
DE946,Ammerland,7.39,6.83,7.12,6.03,6.86,7.15,6.84,6.97,5.94,7.01,7.54,6.63,6.7,7.58,8.26,8.33,8.07,6.3,7,-9999,-9999,-9999,5.34,-9999,207
DE947,Aurich,7.72,7.64,8.46,6.2,7.94,8.51,8.45,7.89,6.87,9.05,8.72,8.95,7.45,8.36,8.79,9.15,9.09,7.5,8.78,7.12,9.62,7.75,7.85,8.58,208
DE948,Cloppenburg,7.73,6.57,8.08,6.57,7.32,7.56,7.75,6.87,6.33,7.5,7.72,6.68,6.8,7.93,8.37,8.43,8.21,6.95,7.19,6.7,7.09,6.8,7.27,7.26,209
DE949,Emsland,7.25,6.37,7.25,6.37,6.9,7.18,7.04,6.57,5.87,7.11,7.59,6.53,6.51,7.63,8.26,8.47,8.03,7.01,6.33,6.98,6.54,5.41,6.92,7.59,210
DE214,Altötting,6.49,7.11,6.59,6.54,5.88,7.49,6.67,6.67,7.66,7.06,6.38,6.11,7.35,7.12,7.28,8.48,8.13,7.13,7.45,7.25,8.51,7.74,6.73,6.92,211
DE215,Berchtesgadener Land,5.44,6.42,6.2,7.14,4.61,7.31,5.7,5.98,6.31,6.81,4.88,5.78,6.88,6.67,5.97,7.15,6.97,6.41,-9999,-9999,7.4,-9999,-9999,-9999,212
DEE08,Burgenlandkreis,7.62,7.73,7.9,6.69,6.99,8.68,7.76,6.85,-9999,-9999,-9999,-9999,-9999,-9999,-9999,-9999,-9999,-9999,-9999,-9999,-9999,-9999,-9999,-9999,213
DEE09,Harz,-9999,-9999,-9999,-9999,-9999,-9999,-9999,7.58,7.27,9.25,8.36,7.54,7.13,7.5,8.19,8.79,7.86,8.88,7.88,6.74,7.34,6.52,7.48,6.32,214
DE732,Fulda,7.29,6.83,7.47,6.97,6.62,8.75,7.23,6.88,6.72,8.3,7.53,6.96,6.96,5.98,7.74,8.36,7.62,7.43,7.6,7.06,7.94,7.95,7.01,7.78,215
DEE0A,Mansfeld-Südharz,-9999,-9999,-9999,-9999,-9999,-9999,-9999,6.65,7.33,8.45,7.96,7.28,6.82,8.12,8.13,8.63,6.94,8.56,7.65,5.83,6.23,6.52,7.86,7.6,216
DEE0B,Saalekreis,-9999,-9999,-9999,-9999,-9999,-9999,-9999,6.52,7.07,9,8.57,8.28,6.79,8.66,8.39,9.38,7.41,9.08,7.9,6.04,5.15,6.81,7.1,7.36,217
DEE0C,Salzlandkreis,-9999,-9999,-9999,-9999,-9999,-9999,-9999,7.3,6.82,8.6,8.54,7.74,6.97,8.2,7.45,8.84,7.18,8.43,6.97,5.3,5.61,6.31,6.58,6.14,218
DE216,Bad Tölz-Wolfratshausen,5.76,6.54,6.51,6.15,6.3,7.44,5.99,4.65,6.34,5.15,5.61,4.87,6.88,5.57,5.59,5.26,5.6,5.01,-9999,-9999,-9999,-9999,-9999,-9999,219
DE217,Dachau,6.81,7.44,7.44,6.76,6.87,8.3,7.43,7.06,7.84,7.99,6.72,6.8,8.07,7.86,8.53,8.92,8.64,6.72,8.44,8.33,8.61,9.21,7.86,8.24,220
DE218,Ebersberg,6.34,7.1,6.38,6.37,6.39,7.88,6.87,6.54,7.75,7.8,6.61,6.03,7.72,7.15,7.49,8.03,7.64,7.01,8.63,8.24,8.96,8.94,7.6,8.05,221
DE219,Eichstätt,6.72,7.14,7.49,6.86,6.11,8.47,7.11,7.18,7.87,8.08,7.13,6.8,7.64,7.87,7.77,8.71,7.95,7.87,7.91,7.51,7.65,8.82,7.2,7.9,222
DE21A,Erding,6.59,7.57,6.85,7.21,6.2,8.63,7.3,6.94,7.84,7.8,7.01,6.51,8,7.41,7.67,9.23,7.94,7.28,8.52,8.56,8.62,8.85,7.88,8.16,223
DE21K,"Rosenheim, Landkreis",5.1,5.87,5.99,5.66,6.06,6.67,5.96,5.99,6.39,6.74,5.89,5.66,6.64,6.43,6.23,7.29,6.78,5.86,5.41,6.54,5.6,6.61,6.37,5.79,224
DE21L,Starnberg,5.37,7.25,6.51,6.43,5.58,7.5,6.73,6.12,7.11,6.92,5.47,5.98,6.69,6.75,7.13,6.65,7.43,7.45,7.3,-9999,4.73,-9999,-9999,-9999,225
DE21B,Freising,6.54,6.98,7.2,6.46,6.13,7.89,6.98,6.59,7.8,7.57,5.58,6.37,7.49,7.68,7.9,8.3,8.59,7.43,7.25,7.19,7.85,8.43,7.14,7.18,226
DE21C,Fürstenfeldbruck,6.17,7.22,6.84,6.46,6.52,8.11,7.29,7.12,7.99,7.84,6.73,6.5,7.19,7.75,7.82,8.13,8.39,7.32,8.28,8.61,8.91,9.71,7.49,8.05,227
DE21D,Garmisch-Partenkirchen,4.85,5.38,5.19,4.48,6.29,6.96,5.81,5.51,6.38,4.85,5.68,4.97,6.4,6.62,5.58,7.26,7.05,-9999,-9999,-9999,-9999,-9999,-9999,-9999,228
DE21E,Landsberg am Lech,6.28,7.11,7,6.24,7.23,7.96,7.18,7.01,7.74,8.34,6.94,6.68,7.36,7.94,7.67,8.85,8.71,7.57,8.76,8.7,8.6,8.51,7.52,8.14,229
DE21F,Miesbach,5.05,5.17,5.29,4.97,6.67,5.55,6.49,5.71,6.1,4.72,5.99,6.35,6.31,7.4,7.98,7.08,8.9,-9999,-9999,-9999,-9999,-9999,-9999,-9999,230
DE21G,Mühldorf a. Inn,6.21,6.68,6.63,6.28,6.15,7.73,6.6,6.49,7.72,7.42,6.33,6.14,7.46,7.35,6.9,8.23,7.69,6.83,8.17,7.81,8.33,8.7,6.87,7.9,231
DE21H,"München, Landkreis",6.43,6.87,6.63,6.12,5.77,8.01,5.74,5.73,6.6,6.82,5.75,5.98,7.12,6.74,7.13,7.18,7.06,6.4,6.61,5.94,6.95,7.18,7.32,7.33,232
DE21I,Neuburg-Schrobenhausen,6.39,7.02,7.2,6.65,5.33,7.99,7,6.71,7.45,7.83,6.99,6.58,7.25,7.16,7.54,8.62,7.92,7.84,7.39,8.46,7.99,9.15,7.67,7.75,233
DE21J,Pfaffenhofen a. d. Ilm,6.32,7.13,6.98,6.79,5.56,8.57,6.87,6.74,7.5,7.92,6.93,6.57,7.6,7.57,7.31,8.28,7.8,7.43,7.62,7,6.97,7.79,6.54,6.81,234
DE918,Northeim,8.96,8.51,9.02,7.37,7.55,8.83,8.45,8.36,7.49,9.5,8.74,8.44,8.27,7.18,8.97,9.13,9.02,8.78,8.52,7.72,8.86,8.56,7.79,9.28,235
DEF07,Nordfriesland,8.74,9.46,9.33,7.99,8.08,8.95,8.8,8.75,8,8.9,9.47,9.29,8.47,8.87,8.27,9.98,9.88,8.45,8.66,7.22,9.02,9.19,8.73,9.7,236
DEF08,Ostholstein,9.99,10.5,10.89,9.04,9.16,9.69,9.89,9.2,8.28,10.47,10.4,9.11,7.75,10,9.81,11.04,10.81,9.79,9.1,8.31,9.59,10.47,9.31,10.61,237
DEF09,Pinneberg,9.31,9.44,9.01,6.9,8,7.48,8.89,8.8,7.01,9.26,9.3,8.49,8.43,8.8,8.31,10.04,9.66,8.52,8.5,7.16,7.97,8.37,8.38,8.69,238
DE715,Bergstraße,7.19,7.22,6.81,6.16,5.98,6.85,6.06,6.78,6.61,7.72,7.5,7.79,6.72,7.05,7.78,8.04,7.53,-9999,-9999,6.9,-9999,-9999,-9999,-9999,239
DE716,Darmstadt-Dieburg,7.5,6.63,8.34,7.17,6.19,9.17,7.72,7.39,7.63,7.66,7.52,7.79,6.74,7.17,7.77,8.04,7.55,6.63,6.58,6.7,7.17,7.74,6.74,6.77,240
DE717,Groß-Gerau,6.77,6.73,6.81,6.97,5.98,6.96,6.55,6.78,6.31,7.57,7.51,7.8,6.72,7.1,7.72,8.02,7.51,6.62,6.94,6.91,7.42,7.84,6.92,7.25,241
DE718,Hochtaunuskreis,6.56,7.62,8.34,7.48,7.58,8.96,7.72,8,7.23,8.67,7.69,8.04,7.17,6.21,8.46,8.42,8.05,7.64,7.69,7.35,7.87,8.05,7.5,7.68,242
DE719,Main-Kinzig-Kreis,8.12,7.32,8.23,7.48,7.15,9.06,7.53,7.49,7.33,8.85,7.95,8.02,7.63,7.15,8.41,8.56,8.26,6.95,8.11,6.86,7.86,7.84,6.89,7.02,243
DE71A,Main-Taunus-Kreis,7.29,7.03,6.92,6.77,5.87,9.06,7.33,7.69,7.12,7.98,8.31,8.63,7.92,6.96,8.96,8.71,8.45,-9999,-9999,-9999,-9999,-9999,-9999,-9999,244
DE71B,Odenwaldkreis,6.56,5.94,6.81,6.06,5.76,7.48,6.84,7.89,7.12,7,7.51,7.75,6.76,5.73,8.15,8.13,7.76,7.11,7.75,7.3,7.69,7.94,6.81,6.97,245
DE71C,"Offenbach, Landkreis",7.91,7.82,8.34,7.17,7.47,9.06,-9999,7.69,6.31,7.57,7.68,7.68,7.52,6.19,8.51,8.33,8.33,-9999,-9999,-9999,-9999,-9999,-9999,-9999,246
DE71D,Rheingau-Taunus-Kreis,7.29,7.42,8.34,6.87,7.04,9.17,7.53,7.49,6.31,8.33,7.5,7.73,6.74,5.62,8.16,8.12,7.81,7.16,7.4,6.74,7.74,7.59,7.15,7.51,247
DE71E,Wetteraukreis,8.02,7.32,8.67,7.78,7.58,9.17,8.02,8.1,8.04,9.07,8.33,8.56,7.96,7.46,8.94,8.94,8.73,7.77,8.36,7.54,8.26,8.45,7.58,7.67,248
DE721,"Gießen, Landkreis",7.6,6.14,7.69,6.77,6.83,7.69,6.94,6.98,7.12,8.89,7.76,7.75,7.44,6.1,8.7,8.68,8.23,6.95,7.15,6.6,7.6,7.68,7.01,6.98,249
DE722,Lahn-Dill-Kreis,5.73,6.23,6.48,5.36,5.55,5.69,5.87,6.07,5.09,6.73,7.66,7.49,7.01,5.92,8.28,8.2,7.71,-9999,-9999,-9999,-9999,-9999,-9999,-9999,250
DE723,Limburg-Weilburg,8.02,6.33,7.25,6.77,6.72,7.8,6.84,7.29,7.02,8.39,7.6,7.7,7.22,5.95,8.38,8.25,8.08,6.23,7.54,7.27,7.63,7.84,7.14,7.77,251
DE724,Marburg-Biedenkopf,7.81,7.42,7.8,7.17,7.15,8.22,7.04,7.59,6.92,8.18,7.79,7.37,7.55,6.67,8.41,8.32,8.13,7.23,7.5,6.77,7.68,8.04,6.98,7.18,252
DE725,Vogelsbergkreis,8.02,7.32,7.91,7.28,7.15,8.85,7.33,7.49,7.43,8.17,7.55,7.08,7.07,5.95,7.93,8.16,7.6,7.02,7.38,6.95,7.59,7.66,6.74,7.48,253
DE731,"Kassel, Kreisfreie Stadt",7.29,7.03,7.8,7.17,7.47,9.06,7.82,7.69,6.92,8.72,8.1,7.89,8.35,6.73,8.73,8.89,8.35,-9999,-9999,-9999,-9999,-9999,-9999,-9999,254
DE111,"Stuttgart, Stadtkreis",6.44,7.2,6.05,6.79,5.87,7.68,7.44,7.73,7.19,7.94,-9999,-9999,-9999,-9999,-9999,-9999,-9999,6.86,7.16,7.89,-9999,-9999,-9999,-9999,255
DE112,Böblingen,-9999,-9999,-9999,-9999,-9999,-9999,-9999,-9999,-9999,-9999,-9999,-9999,-9999,-9999,-9999,-9999,-9999,-9999,-9999,-9999,-9999,-9999,-9999,-9999,256
DE113,Esslingen,5.74,6.27,6.45,6.44,5.87,7.82,6.52,7.35,6.95,7.43,7.11,6.78,6.79,6.17,5.6,7.55,7.97,6.31,7.43,7.34,7.94,8.64,6.07,9.12,257
DE114,Göppingen,6.19,6.63,6.57,6.21,6.07,7.74,6.36,6.8,6.85,6.6,6.95,6.52,8.13,6.88,6.45,7.96,7.99,6.08,8.22,7.98,7.9,8.18,6.95,8.25,258
DE271,"Augsburg, Kreisfreie Stadt",6.67,7.69,7.5,6.76,7.01,9.42,8.28,7.66,8.64,9.13,6.77,6.81,9.26,8.28,7.83,9.7,9.11,-9999,-9999,-9999,-9999,-9999,-9999,-9999,259
DE272,"Kaufbeuren, Kreisfreie Stadt",6.18,7.15,7.17,6.71,-9999,-9999,-9999,-9999,-9999,-9999,-9999,-9999,-9999,-9999,-9999,-9999,-9999,7.23,-9999,-9999,-9999,-9999,-9999,-9999,260
DE273,"Kempten (Allgäu), Kreisfreie Stadt",-9999,-9999,-9999,-9999,-9999,-9999,-9999,-9999,7.45,7.48,6.53,6.02,6.99,7.51,6.87,7.48,7.38,-9999,-9999,-9999,-9999,-9999,-9999,-9999,261
DE274,"Memmingen, Kreisfreie Stadt",6.57,7.04,7.05,6.28,6.8,7.45,6.99,7.17,7.71,7.34,6.58,6.28,7.05,7.85,7.45,8.31,9.33,-9999,-9999,-9999,-9999,-9999,-9999,-9999,262
DE275,Aichach-Friedberg,6.56,7.45,7.41,6.31,6.32,8.27,7.77,7.71,8.56,8.56,6.99,7.42,8.74,8.24,8.69,9.15,8.83,7.71,8.73,8.49,8.94,9.23,7.66,8.42,263
DE276,"Augsburg, Landkreis",6.6,7.55,7.49,6.76,6.9,8.59,7.28,7.36,8.05,8,7.01,6.8,8.33,8.19,7.83,8.61,8.44,7.63,8.16,7.96,8.3,8.67,7.42,7.73,264
DE277,Dillingen a.d. Donau,6.28,7.17,7.1,6.39,5.76,8.35,6.9,7.22,7.75,8.1,6.87,6.58,7.78,7.32,7.88,8.46,8.5,7.78,8.13,8.35,8.24,9.1,7.2,8.45,265
DE278,Günzburg,7.03,6.68,7.62,6.67,6.3,8.02,6.83,7.04,7.92,8.18,7.24,6.73,7.78,7.82,6.57,8.89,8.29,7.27,8.22,8.47,8.41,9.51,7.68,8.36,266
DE279,Neu-Ulm,6.57,7.75,7.69,6.69,6.68,8.63,7.42,7.64,8.27,8.32,7.33,7.21,8.59,8.14,7.09,9.23,8.78,-9999,7.88,8.43,8.14,8.48,6.96,8.52,267
DE27A,Lindau (Bodensee),6.56,6.72,6.9,6.68,6.43,8.13,6.91,7.09,-9999,-9999,-9999,6.19,7.31,7.18,7.13,8.51,8.57,-9999,-9999,-9999,-9999,-9999,-9999,-9999,268
DE945,"Wilhelmshaven, Kreisfreie Stadt",-9999,-9999,-9999,-9999,-9999,-9999,-9999,-9999,-9999,-9999,-9999,-9999,-9999,-9999,-9999,-9999,-9999,-9999,-9999,-9999,-9999,-9999,-9999,-9999,269
DED21,"Dresden, Kreisfreie Stadt",8.14,6.4,7.31,6.75,-9999,7.12,7.04,7.14,6.55,8.35,7,7.07,7.24,6.69,-9999,8.85,8.42,8.26,7.87,7.08,7.7,8.1,8.62,7.12,270
DED2C,Bautzen,6.66,5.75,6.66,6.23,4.44,7.72,7.16,5.38,6.24,7.39,6.52,6.5,6.33,6.45,6.66,8.52,7.85,7.4,6.8,5.86,7.07,7.54,7.15,6.33,271
DE94A,Friesland (DE),8.14,8.54,8.93,6.53,8.27,8.95,8.64,7.48,7.1,9.12,8.91,9.32,7.89,8.4,9.27,8.72,9.04,7.19,8.81,6.52,9.24,8.35,8.19,8.59,272
DE94B,Grafschaft Bentheim,7.03,6.28,7.13,6.69,6.83,6.99,7.22,6.5,5.96,7.86,7.54,6.73,6.54,7.79,8.29,8.36,7.97,7.28,7.03,7.19,7.28,6.43,7.41,8.19,273
DE94C,Leer,8.82,8.89,9.31,7.53,8.52,8.89,9.32,9.25,8.06,10.36,8.78,8.95,8.58,8.79,9.82,8.64,9,9.01,9.56,9.58,10.38,9.82,8.57,10.6,274
DE94D,"Oldenburg, Landkreis",7.76,7.09,8,6.74,7.24,7.7,7.78,7.34,6.56,8.04,7.53,6.89,6.67,7.62,8.51,8.65,8.03,7.87,7.54,5.94,7.56,6.28,6.48,7.24,275
DE94E,"Osnabrück, Landkreis",8.09,7.78,8.55,7.16,7.86,8.28,8.34,8.13,7.22,8.69,8.35,7.58,8.01,8.07,8.91,8.53,8.71,7.87,8.07,8.17,8.34,7.89,7.69,8.74,276
DE94F,Vechta,8.03,7.75,8.33,6.95,7.39,8.02,7.92,7.32,6.53,7.68,8,7.04,7.26,8.08,8.49,8.8,8.5,7.79,7.78,5.81,6.93,7.52,7.31,8.09,277
DE94G,Wesermarsch,8.07,7.91,8.49,6.63,8.05,8.48,8.53,7.7,7.35,8.94,8.72,8.16,7.84,8.41,8.97,8.79,8.73,-9999,8.46,6.75,8.93,8.25,7.23,8.74,278
DEG03,"Jena, Kreisfreie Stadt",-9999,-9999,-9999,-9999,-9999,-9999,-9999,-9999,-9999,-9999,-9999,-9999,-9999,-9999,-9999,-9999,-9999,-9999,-9999,-9999,-9999,-9999,-9999,-9999,279
DEG04,"Suhl, Kreisfreie Stadt",-9999,-9999,-9999,-9999,-9999,-9999,-9999,-9999,-9999,-9999,-9999,-9999,-9999,-9999,-9999,-9999,-9999,-9999,-9999,-9999,-9999,-9999,-9999,-9999,280
DEG05,"Weimar, Kreisfreie Stadt",-9999,6.33,8.56,6.45,7.6,9.63,7.48,7.35,7.76,8.52,7.84,7.11,7.26,8.25,7.99,8.82,7.04,-9999,-9999,-9999,-9999,-9999,-9999,-9999,281
DEA1C,Mettmann,8.84,7.7,9.57,7.8,7.59,9.12,8.4,7.63,7.75,8.83,8.8,8.79,7.06,7.72,8.76,8.36,8.97,7.94,7.84,8.94,8.33,8.39,8.54,7.79,282
DEA42,Gütersloh,9.07,8.01,9.1,7.7,7.93,8.9,9.16,8.34,7.91,8.51,7.71,7.42,8.06,8.62,8.86,8.78,8.49,7.93,7.18,6.2,6.47,6.8,7.42,7.5,283
DEA43,Herford,9.09,8.67,9.64,7.71,7.76,8.73,8.75,8.22,7.57,9.3,8.66,8.35,9.22,8.68,9.12,8.77,-9999,9.03,8.78,8.44,8.63,9.47,7.87,10.13,284
DEA44,Höxter,8.68,8.31,9.18,7.5,7.79,8.76,8.81,7.98,7.13,9.07,8.68,8.04,8.11,7.59,8.9,9.32,8.68,8.58,8.18,7.66,8.27,8.76,7.64,8.16,285
DEA45,Lippe,8.82,8.29,9.24,7.61,8.6,8.63,8.71,7.98,7.22,9.25,8.59,7.91,8.87,7.6,8.84,9.06,8.92,8.36,8.08,7.62,8.31,8.45,7.26,8.72,286
DEA46,Minden-Lübbecke,8.53,7.98,8.91,7.66,7.94,8.58,8.74,7.89,7.45,8.93,8.58,7.85,8.12,7.98,8.73,9.13,-9999,8.16,8.1,7.76,8.16,8.58,8.01,8.95,287
DEA47,Paderborn,8.13,7.33,8.64,7.76,7.17,7.9,8.04,7.15,6.83,7.92,7.83,7.64,7.52,7.27,8.51,8.62,-9999,7.91,7.41,6.57,7.3,7.4,7.2,7.84,288
DEA51,"Bochum, Kreisfreie Stadt",9.25,8.89,10.82,8.36,9.68,9.2,9.39,8.35,7.79,10.79,8.99,8.7,-9999,-9999,-9999,8.02,9.83,-9999,-9999,-9999,-9999,-9999,-9999,-9999,289
DEA17,"Oberhausen, Kreisfreie Stadt",7.89,8.79,9.2,8.36,8.64,8.64,8.34,8.03,6.45,9.83,8.55,7.92,-9999,-9999,10.29,9.93,-9999,-9999,-9999,-9999,-9999,-9999,-9999,-9999,290
DEA18,"Remscheid, Kreisfreie Stadt",-9999,-9999,-9999,-9999,-9999,-9999,-9999,-9999,-9999,-9999,-9999,-9999,-9999,-9999,-9999,-9999,-9999,-9999,-9999,-9999,-9999,-9999,-9999,-9999,291
DEA19,"Solingen, Kreisfreie Stadt",-9999,-9999,-9999,-9999,-9999,-9999,-9999,-9999,-9999,-9999,-9999,-9999,-9999,-9999,-9999,-9999,-9999,-9999,-9999,-9999,-9999,-9999,-9999,-9999,292
DEA1A,"Wuppertal, Kreisfreie Stadt",-9999,-9999,-9999,-9999,-9999,7.67,-9999,-9999,-9999,-9999,-9999,7.72,-9999,-9999,-9999,-9999,-9999,-9999,-9999,-9999,-9999,-9999,-9999,-9999,293
DEE01,"Dessau-Roßlau, Kreisfreie Stadt",-9999,-9999,-9999,-9999,-9999,-9999,-9999,5.23,-9999,6.09,-9999,6.01,3.98,6.01,5.67,6.88,6.26,6.05,5.48,-9999,-9999,5.65,5.9,5.24,294
DEE02,"Halle (Saale), Kreisfreie Stadt",-9999,8.2,8.55,5.25,4.74,6.97,7.02,-9999,-9999,-9999,-9999,-9999,-9999,-9999,-9999,-9999,-9999,-9999,-9999,-9999,-9999,-9999,-9999,-9999,295
DEE03,"Magdeburg, Kreisfreie Stadt",-9999,6.03,7.09,7.52,6.61,8.74,7.61,7.87,7.45,9.28,9.75,-9999,7.2,8.86,8.6,-9999,-9999,-9999,-9999,6.9,6.75,8.15,-9999,-9999,296
DEE04,Altmarkkreis Salzwedel,6.31,5.32,6.4,5.04,3.58,6.97,6.25,6.01,5.7,6.23,6.38,5.81,4.71,5.75,7.28,7.38,6.47,7.03,6.81,4.24,5.75,6.56,6.27,5.58,297
DEE05,Anhalt-Bitterfeld,-9999,-9999,-9999,-9999,-9999,-9999,-9999,6.39,6.38,7.72,8.17,7.72,5.02,7.65,7.43,8.51,6.35,7.84,6.39,4.51,4.77,6.16,6.37,5.86,298
DEE06,Jerichower Land,-9999,-9999,-9999,-9999,-9999,-9999,-9999,6.11,6.02,7.04,7.22,6.3,5.33,6.84,7.38,8.02,6.68,7.41,5.42,5.28,5.38,6.84,6.35,5.49,299
DEE07,Börde,-9999,-9999,-9999,-9999,-9999,-9999,-9999,7.54,7.49,9.09,8.69,7.83,7.78,8,8.42,9.02,8.41,9.22,8.57,6.83,7.31,8.18,7.85,7.34,300
DE942,"Emden, Kreisfreie Stadt",-9999,-9999,-9999,-9999,8.21,-9999,-9999,-9999,7.52,7.99,-9999,-9999,-9999,-9999,-9999,-9999,-9999,-9999,-9999,-9999,-9999,-9999,-9999,-9999,301
DE943,"Oldenburg (Oldenburg), Kreisfreie Stadt",-9999,-9999,-9999,-9999,-9999,-9999,-9999,-9999,-9999,-9999,-9999,-9999,-9999,-9999,-9999,-9999,-9999,-9999,-9999,-9999,-9999,-9999,-9999,-9999,302
DE944,"Osnabrück, Kreisfreie Stadt",7.93,6.81,7.79,6.86,-9999,7.65,7.82,7.56,6.93,8.73,-9999,7.5,7.75,8.07,9,8.66,8.84,-9999,-9999,-9999,-9999,-9999,-9999,-9999,303
DE94H,Wittmund,8.56,8.42,8.52,6.82,8.69,8.55,8.17,7.78,6.85,8.75,8.62,8.81,7.78,8.37,9.05,8.83,8.41,5.98,8.23,5.75,8.27,7.6,7.18,8.06,304
DEA1D,Rhein-Kreis Neuss,9.48,8.45,9.94,9.04,8.6,9.3,9.04,7.79,7.81,9.04,8.74,7.77,8.09,9.26,9.72,9.17,9.28,7.99,7.83,8.61,8.93,9.15,8.49,9.09,305
DEA1E,Viersen,8.69,8.25,9.2,8.71,8.24,8.77,8.27,7.91,7.39,8.96,8.82,7.62,8.04,9.2,9.15,9.02,9.13,7.97,7.91,8.43,8.53,8.7,8.39,10.45,306
DEA1F,Wesel,7.64,7.64,7.96,7.6,7.7,8.35,8.05,7.3,6.89,8.86,8.31,6.71,7.48,8.53,7.65,9.39,-9999,7.61,7.42,7.76,7.77,7.92,8.22,8.64,307
DEA22,"Bonn, Kreisfreie Stadt",8.79,7.45,-9999,-9999,-9999,-9999,-9999,-9999,-9999,-9999,8.35,8.34,7.91,8.14,9.13,9.83,7.94,-9999,-9999,-9999,-9999,-9999,-9999,-9999,308
DEA23,"Köln, Kreisfreie Stadt",9.57,7.89,8.5,8.28,7.18,9,8.76,7.38,7.74,8.48,7.8,7.42,7.35,8.19,-9999,-9999,-9999,-9999,-9999,-9999,-9999,-9999,-9999,-9999,309
DEA24,"Leverkusen, Kreisfreie Stadt",8.16,6.83,8.12,7.31,6.83,7.16,6.26,6.74,7.44,8.28,8.6,5.05,6.84,7.89,8.42,8.45,-9999,-9999,-9999,-9999,-9999,-9999,-9999,-9999,310
DEA26,Düren,9.31,8.33,10.24,9.11,8.59,9.56,9.03,8.28,8.46,9.42,9.48,8.59,-9999,9.57,9.4,9.36,9.18,7.78,7.62,8.41,8.69,8.63,8.04,9.61,311
DEG0J,Saale-Holzland-Kreis,6.98,6.82,7.03,5.87,5.76,7.91,6.95,6.36,7.07,8.08,7.31,6.34,6.98,7.21,7.16,8.3,7.27,8.27,8.19,6.55,6.8,7.39,7.29,6.16,312
DEG0K,Saale-Orla-Kreis,6.89,6.81,7.66,6.44,5.76,7.99,7.39,6.8,7.42,7.73,7.14,6.25,7.39,7.64,7.01,8.49,8.33,8.72,8.17,7.44,6.65,8.39,7.18,5.69,313
DED52,Leipzig,7.16,6.32,7.51,5.95,5.08,7.98,7.25,6.08,6.55,7.5,7.5,6.98,6.37,7.16,7.1,8.75,7.68,8.32,7.65,6.12,6.88,6.96,7.81,6.75,314
DED53,Nordsachsen,7.5,6.17,7.42,6.01,4.43,8.59,7.49,5.48,6.44,7.45,7.45,7.13,5.91,6.61,7.16,8.8,7.16,8.07,7.35,5.93,6.14,7.05,7.51,6.48,315
DEB3K,Südwestpfalz,6.16,6.24,5.88,5.9,5.3,7.1,6.19,6.17,5.45,6.91,7.15,5.8,5.5,7.09,6.92,7.06,6.91,5.38,7.4,7.41,5.72,7.47,7.42,7.54,316
Dec-01,Regionalverband Saarbrücken,6.83,6.51,6.21,7.07,5.39,7.25,6.5,6.73,6.01,6.54,7.07,6.8,5.78,6.38,7.18,6.79,6.45,5.91,4.35,-9999,-9999,-9999,-9999,-9999,317
Dec-02,Merzig-Wadern,6.21,6.59,6.29,6.62,5.8,7,6.66,7.14,6.32,7.19,7.31,7.55,6.33,6.55,7.23,7.14,6.91,6.13,6.21,6.64,6.83,6.7,6.94,7.45,318
Dec-03,Neunkirchen,6.25,6.3,5.94,5.93,4.84,6.49,5.79,5.9,5.82,6.47,6.17,6.57,5.05,6.37,6.89,6.75,6.62,4.3,-9999,-9999,-9999,-9999,-9999,-9999,319
Dec-04,Saarlouis,6.41,6.55,6.49,7.09,5.97,7.65,7.06,7.14,6.31,7.58,7.57,7.26,5.61,6.64,7.15,6.89,6.57,5.38,6.43,7.84,6.48,6.94,6.17,6.43,320
DE221,"Landshut, Kreisfreie Stadt",6.6,6.11,5.89,6.55,5.73,7.74,7.08,6.4,6.58,6.19,5.36,6.45,6.5,7.43,7.87,9.02,8.25,-9999,-9999,-9999,-9999,-9999,-9999,-9999,321
DE222,"Passau, Kreisfreie Stadt",6.27,6.21,6.63,6.73,5.94,8.31,7.48,6.86,7.18,8.71,6.77,6.17,7.1,7.49,7.85,8.89,7.59,-9999,-9999,-9999,-9999,-9999,-9999,-9999,322
DE223,"Straubing, Kreisfreie Stadt",-9999,-9999,-9999,-9999,-9999,-9999,-9999,-9999,-9999,-9999,-9999,-9999,-9999,-9999,-9999,-9999,-9999,-9999,-9999,-9999,-9999,-9999,-9999,-9999,323
DE224,Deggendorf,6.86,7.63,7.6,6.93,6.39,8.99,7.6,7.38,7.74,8.33,7.4,7.1,8.44,7.73,7.84,9.14,8.54,-9999,8.68,7.98,8.81,9.09,8.14,8.59,324
DE225,Freyung-Grafenau,4.77,5.02,4.8,5.08,4.65,5.3,4.99,5.01,5.03,4.83,4.46,4.17,4.9,4.75,5.92,5.47,5.15,5.22,-9999,6.18,-9999,7.02,6.75,7.36,325
DE226,Kelheim,6.41,7.33,7.36,6.81,5.9,8.77,7.38,7.07,7.96,8,7.27,7,7.7,7.9,7.81,9.19,8.37,7.86,8.41,7.92,8.18,8.84,7.7,8.34,326
DE227,"Landshut, Landkreis",6.74,7.67,7.65,7.17,6.15,8.52,7.31,7.04,7.86,8.15,7.14,6.87,7.74,7.87,7.87,9.02,8.28,7.41,7.91,7.56,8.32,8.88,7.45,7.28,327
DE228,"Passau, Landkreis",6.27,7.01,7.02,6.73,5.94,8.07,6.74,6.82,7.29,7.32,6.57,5.66,7.1,7.01,7.51,8.69,7.69,6.62,8.46,7.5,8.72,8.56,6.27,7.98,328
DE229,Regen,4.33,4.5,4.55,4.11,3.59,4.5,4.38,3.81,3.97,5.96,4.39,4.78,5.25,5.33,5.8,5.92,6.69,-9999,5.63,-9999,-9999,-9999,-9999,-9999,329
DED2D,Görlitz,6.53,6.51,6.72,6.68,4.34,8.05,7.46,5.47,6.92,7.59,6.24,6.36,7.07,6.57,6.9,8.73,8.33,7.71,7.6,6.02,7.53,8.43,7.62,7.92,330
DED2E,Meißen,7.66,6.8,7.42,6.47,4.74,8.61,7.74,6.53,7.11,7.84,7.6,7.15,6.08,5.99,7.23,8.73,8.25,8.4,7.83,6.72,7.14,7.6,7.48,6.93,331
DED2F,Sächsische Schweiz-Osterzgebirge,6.28,6.11,6.54,5.86,4.94,7.57,6.91,6.37,6.66,7.36,6.56,6.49,6.78,6.84,6.55,8.69,7.94,7.79,6.96,6.52,7.29,7.82,7.43,6.71,332
DED41,"Chemnitz, Kreisfreie Stadt",6.98,6.66,7.04,6.18,5.71,8.25,7.62,7.1,7.67,8.37,7.66,7.69,-9999,8.08,5.54,9.85,8.75,8.78,7.64,7.77,6.89,-9999,7.64,6.75,333
DED42,Erzgebirgskreis,5.87,6.02,6.18,5.56,5.87,6.86,6.62,6.19,6.77,6.95,6.13,6.28,7.43,6.94,6.64,8.32,8.28,7.54,7.09,7.35,6.71,8.56,6.73,6.33,334
DE138,Konstanz,6.01,6.98,6.98,6.74,5.52,6.47,6.84,6.76,7.45,7.48,7.34,6.81,4.21,6.84,6.01,7.63,-9999,5.12,6.12,6.9,6.24,6.87,5.16,5.26,335
DE139,Lörrach,-9999,-9999,-9999,-9999,-9999,-9999,-9999,-9999,-9999,-9999,-9999,-9999,-9999,-9999,-9999,-9999,-9999,-9999,-9999,-9999,-9999,-9999,-9999,-9999,336
DE22A,Rottal-Inn,5.89,6.85,6.79,6.48,5.92,7.94,6.83,5.25,7.37,7.56,6.53,6.22,7.26,6.82,7.24,8.46,7.87,6.75,7.92,7.18,8.17,7.93,7.39,7.76,337
DE25A,Neustadt a. d. Aisch-Bad Windsheim,6.4,6.55,6.91,6.52,5.61,8.36,6.42,7.01,7.3,6.99,7.23,6.62,6.67,5.75,7.71,7.8,7.26,7.41,7.4,6.9,7.07,7.51,7.14,6.42,338
DE25B,Roth,6.02,5.74,6.13,6.23,5.38,7.8,6.03,5.98,6.36,6.3,5.93,5.49,5.92,5.8,6.44,7.29,6.92,6.09,6.2,5.99,6.19,7.18,6.63,4.64,339
DED43,Mittelsachsen,7.06,7.18,7.4,6.45,5.87,8.18,7.97,7.2,7.75,8.39,7.61,7.54,7.64,7.1,7.39,9.63,9.03,8.67,8.11,7.65,8.02,8.47,7.76,7.74,340
DED44,Vogtlandkreis,6.35,5.8,6.28,5.69,4.67,6.91,6.53,5.45,6.49,6.75,6.6,5.88,6.22,6.41,6.33,7.7,6.61,7.33,6.7,6.32,5.51,7,6.19,5.11,341
DED45,Zwickau,7.06,6.92,7.43,6.23,5.48,8.15,7.42,6.75,7.28,7.69,7.36,6.77,7.19,8.07,6.88,8.55,7.95,8.41,7.64,7.13,7.71,8.4,7.2,6.61,342
DED51,"Leipzig, Kreisfreie Stadt",7.19,6.94,7.49,5.65,4.84,8.28,7.16,6.07,6.94,8.31,7.97,7.24,6.01,7.43,7.16,9.66,7.36,8.32,7.16,6.85,6.64,7.88,8.42,6.95,343
DE247,"Coburg, Landkreis",5.79,6,6.44,6.44,5.19,7.36,6.19,6.27,6.37,5.93,6.48,6.14,5.79,5.97,6.86,7.12,7.03,7.57,7.51,6.37,6.17,7.69,6.64,5.41,344
DE25C,Weißenburg-Gunzenhausen,6.35,6.43,6.87,6.88,5.56,7.67,6.85,6.94,7.3,7.19,6.77,6.75,7.28,7.34,7.63,8.27,7.92,7.17,7.56,8.01,7.43,8.03,7.42,7.12,345
DE261,"Aschaffenburg, Kreisfreie Stadt",6.06,6.06,6.5,6.32,5.64,7.99,5.99,7.18,5.75,7.87,7.05,6.32,5.72,6.41,7.22,7.44,7.38,-9999,-9999,-9999,-9999,-9999,-9999,-9999,346
DE262,"Schweinfurt, Kreisfreie Stadt",6.65,7.11,6.66,6.49,4.53,8.16,6.35,7.68,6.81,6.19,7.1,6.37,5.77,6.16,8.14,7.74,6.73,-9999,-9999,-9999,-9999,-9999,-9999,-9999,347
DE263,"Würzburg, Kreisfreie Stadt",7.42,6.3,7.65,6.83,5.93,8.77,6.99,7.17,7.2,6.29,6.77,7.38,5.41,5.89,7.83,7.22,7.59,8.39,-9999,-9999,-9999,-9999,-9999,-9999,348
DE264,"Aschaffenburg, Landkreis",6.3,6.05,6.51,6.32,5.64,7.99,6.81,7.1,6.52,7.49,6.97,6.33,5.47,6.24,7.36,7.44,7.77,6.88,6.79,7.02,6.59,6.84,6.75,6.78,349
DE265,Bad Kissingen,5.62,5.67,6.47,6.34,5.03,7.6,6.24,6.68,6.4,5.72,6.74,6.12,5.27,5.57,7.45,7.47,6.72,7.24,6.18,6.04,6.59,6.25,5.6,4.82,350
DE266,Rhön-Grabfeld,6.35,6.44,6.76,6.58,5.56,8.18,6.45,7.17,6.71,5.76,7.14,6.35,5.51,5.92,7.67,7.06,6.72,7.42,6.73,5.63,6.52,7.05,6.43,5.96,351
DE267,Haßberge,6.15,6,6.33,6.28,4.97,8.13,6.16,6.2,6.36,5.03,6.74,6.04,4.99,5.2,7.16,6.95,6.16,6.93,6.04,4.94,6.19,6.78,6.54,5.57,352
DE268,Kitzingen,6.91,6.4,7.32,7.03,5.33,8.37,6.67,6.91,7.01,6.74,7.48,6.78,5.49,5.63,8.36,7.67,7.18,7.84,6.76,5.77,6.63,6.96,6.27,5.75,353
DE269,Miltenberg,6.76,6.89,6.92,6.73,6.54,8.75,7.35,7.58,7.45,8.12,7.9,7.66,7.2,6.94,8.75,9.47,8.61,7.55,8.78,8.58,8.77,8.53,7.59,7.7,354
DE26A,Main-Spessart,6.89,6.61,7.05,6.67,5.99,8.22,6.81,7.29,7.03,6.9,7.07,6.83,5.63,6.04,7.82,8.05,7.44,7.2,6.99,6.9,6.36,6.99,5.75,5.49,355
DE26B,"Schweinfurt, Landkreis",6.29,6.16,6.65,6.57,4.85,8.14,6.35,6.91,6.65,5.89,7.05,6.38,5.67,5.83,7.75,7.48,6.66,7.77,6.44,6.29,6.82,7.21,6.66,5.52,356
DE26C,"Würzburg, Landkreis",7.31,7.64,7.87,7.31,6.39,8.89,7.2,7.59,7.71,7.81,7.73,7.57,6.99,6.13,8.4,8.23,7.68,7.88,7.8,7.09,7.35,8.03,6.97,7.27,357
DE91A,Peine,9.28,8.68,9.17,7.42,7.06,9.04,8.68,8.26,7.63,10.03,8.95,8.48,8.39,7.92,8.94,9.25,9.28,9.01,8.85,7.5,8.1,8.58,8.09,8.95,358
DE91B,Wolfenbüttel,9.45,8.79,9.39,7.33,7.45,8.98,8.53,8.31,7.49,10.06,9.05,8.39,7.46,7.65,8.7,9.05,8.98,8.74,8.69,7.24,9.01,8,7.71,8.68,359
DE91C,Göttingen,-9999,-9999,-9999,-9999,-9999,-9999,-9999,-9999,-9999,-9999,-9999,-9999,-9999,-9999,-9999,-9999,-9999,-9999,8.03,7.03,8.56,7.97,7.57,8.3,360
DE922,Diepholz,8.51,8.33,8.8,6.89,7.55,8.12,8.28,8.07,7.22,8.69,8.31,7.44,7.57,8.02,9.06,8.61,8.6,8.05,8.08,6.4,7.67,7.54,7.51,8.06,361
DE923,Hameln-Pyrmont,9.1,8.41,9.22,7.32,7.69,8.85,8.53,8.42,7.62,9.42,8.58,8.19,8.06,7.39,8.89,8.96,9.36,8.75,8.31,7.67,8.74,8.58,8,9.32,362
DE925,Hildesheim,9.73,8.95,9.53,7.63,7.82,9.12,8.92,8.73,7.97,9.9,8.93,8.74,8.52,7.9,9.11,9.2,9.34,9.12,8.72,7.94,8.5,8.85,8.21,9.27,363
DE926,Holzminden,8.89,8.26,8.91,7.39,7.16,8.61,8.14,8.09,7.38,9.34,8.62,8,8.01,7.06,8.66,9.03,8.99,8.89,8.48,7.38,8.69,8.74,7.87,9.11,364
DE927,Nienburg (Weser),8.64,8.4,8.88,7.35,7.07,8.42,8.2,8.14,7.29,8.28,8.02,7.25,7.31,7.43,8.89,8.59,8.53,8.51,8.01,6.62,8.25,7.56,7.82,8.42,365
DE928,Schaumburg,8.94,8.51,9,7.45,7.86,8.71,8.58,8.54,7.52,9.43,8.59,8.24,8.53,7.75,9,9.12,9.42,8.74,8.88,7.77,8.73,8.55,7.87,9.26,366
DE929,Region Hannover,9.35,8.77,9.54,7.64,7.88,8.99,8.48,8.43,7.75,9.39,8.75,8.18,8.2,7.82,8.74,9.18,9.16,8.87,8.59,7.42,8.4,8.73,8.07,8.91,367
DE931,Celle,8.16,7.26,8.12,6.33,6.45,7.68,7.51,6.91,6.92,8.26,7.72,7.06,7.55,8.07,8.03,9.08,8.35,7.54,7.51,6.24,6.83,6.83,7.08,7.32,368
DE932,Cuxhaven,8.44,8.21,8.65,7.01,7.93,8,8.43,8.02,7.19,8.78,8.41,8.33,7.61,7.48,8.26,9.02,8.8,6.96,8.78,6.38,8.9,8.28,7.9,8.48,369
DEB15,Birkenfeld,5.85,5.65,5.39,5.68,5.44,6.69,6.19,6.04,5.66,5.99,6.16,6.35,-9999,-9999,-9999,-9999,-9999,6.83,5.95,-9999,-9999,-9999,-9999,-9999,370
DE13A,Waldshut,5.42,6.4,6.11,6.55,5.19,7.13,6.28,6.34,6.73,6.57,6.66,6.34,6.16,6.64,7.33,7.11,8.11,6.08,7.76,7.82,8.22,8.75,4.76,8.74,371
DE141,Reutlingen,6.14,6.82,6.91,6.62,6.14,5.98,6.19,6.15,6.27,6.64,6.69,6.29,6.53,6.29,5.51,7.19,5.92,5.87,6.64,7.06,6.38,6.94,5.39,6.71,372
DE142,"Tübingen, Landkreis",6.04,6.95,7.2,6.7,5.67,6.95,6.28,6.85,6.51,7.28,7.39,6.57,6.99,6.54,5.51,8.27,7.47,6.88,8.08,8.57,7.36,8.07,5.76,7.52,373
DE143,Zollernalbkreis,5.71,6.59,6.58,6.28,5.74,7.05,6.18,6.6,6.51,6.68,6.92,6.36,6.18,6.32,4.96,7.9,6.05,6.25,6.72,7.31,5.94,6.31,5.21,6.99,374
DE144,"Ulm, Stadtkreis",-9999,-9999,7.94,7.42,6.7,-9999,-9999,-9999,-9999,-9999,-9999,-9999,-9999,-9999,-9999,-9999,-9999,-9999,-9999,-9999,-9999,-9999,-9999,-9999,375
DE145,Alb-Donau-Kreis,6.8,7.4,7.71,7.28,6.8,8.2,7.24,7.68,8.08,7.98,7.7,7.2,8.1,7.6,7.97,8.56,7.95,7.11,8.09,8.13,7.64,8.57,6.87,8.16,376
DE146,Biberach,6.64,7.58,7.78,7.25,6.73,7.69,7.25,7.65,7.96,7.78,7.26,7.24,7.78,7.87,8.27,9.42,8.58,6.47,8.87,8.73,8.32,9.27,7.04,8.68,377
DE147,Bodenseekreis,6.03,7.06,7.02,7.28,6.18,7.56,7.12,7.04,7.63,7.67,6.66,6.83,8.18,7.68,7.37,-9999,8.17,6.14,8.68,8.12,8.5,9.16,8.01,-9999,378
DE148,Ravensburg,6.22,7.45,7.45,7.2,6.18,7.83,7.39,7.46,7.76,7.55,6.3,6.94,8.78,7.65,8.45,9.18,7.87,6.59,8.46,8.47,7.72,9.26,7.58,8.72,379
DE149,Sigmaringen,6.53,7.52,7.58,6.79,6.3,7.76,7.09,7.35,8.14,8.33,7.23,6.89,7.41,7.99,8.02,9.12,8.01,6.27,8.92,8.59,8.29,9.12,7.01,8.6,380
DE211,"Ingolstadt, Kreisfreie Stadt",6.11,7.09,7.05,6.67,6.04,8.27,6.84,7.27,7.56,8.34,6.68,6.81,7.49,7.43,7.31,7.74,8.14,7.29,-9999,-9999,-9999,-9999,-9999,-9999,381
DE212,"München, Kreisfreie Stadt",6.47,6.62,6.05,6.27,5.5,7.89,6.19,6.27,7.41,6.95,5.58,6.05,6.14,6.46,7.25,7.79,7.16,-9999,-9999,-9999,-9999,-9999,-9999,-9999,382
DE213,"Rosenheim, Kreisfreie Stadt",6.06,5.9,5.86,6.48,6.06,7.48,6.01,5.63,6.89,6.82,6.49,5.77,6.65,7.2,6.78,7.65,8.25,6.37,-9999,-9999,-9999,-9999,-9999,-9999,383
DE119,Hohenlohekreis,6.58,7.06,7.22,7.21,6.1,8.37,7.33,8.12,7.42,7.37,8.05,6.92,6.07,5.76,8.04,8.88,8.12,6.85,7.86,6.87,7.49,7.55,6.57,6.54,384
DE11A,Schwäbisch Hall,6.15,7.21,7.1,7.01,6.18,8.12,7.04,7.93,7.72,7.39,7.58,7.29,7.86,6.16,7.94,9.04,8.39,7.61,8.53,7.44,8.25,8.88,7,7.58,385
DE234,Amberg-Sulzbach,5.97,5.89,6.74,5.57,5.26,7.46,6.27,6.19,6.75,6.34,6.78,6.04,6.75,6.59,6.45,7.67,7.27,7.2,6.86,6.69,6.41,8.52,7.46,6.67,386
DE235,Cham,6.05,6.48,6.54,6.39,5.75,7.81,6.35,6.39,6.73,7,6.16,6.27,6.96,6.32,6.8,7.7,7.53,7,7.23,5.72,6.71,7.78,7.3,7.63,387
DE115,Ludwigsburg,6.63,7.05,7.47,7.4,5.88,7.61,7.57,8.01,7.39,8.09,7.85,7.4,7.56,6.94,8.04,8.21,8.14,6.76,6.86,6.97,7.6,7.51,6.97,7.35,388
DE116,Rems-Murr-Kreis,5.69,6.06,6.37,6.24,5.53,7.48,6.27,6.84,6.61,6.61,6.63,6.45,6.54,6.17,7.51,7.41,7.28,6.19,7.4,6.96,7.55,7.15,6.41,6.31,389
DE117,"Heilbronn, Stadtkreis",-9999,-9999,-9999,-9999,-9999,-9999,-9999,-9999,-9999,-9999,-9999,-9999,-9999,-9999,-9999,-9999,-9999,-9999,-9999,-9999,-9999,-9999,-9999,-9999,390
DE118,"Heilbronn, Landkreis",6.44,7.11,7.03,7,5.97,8.14,7.17,7.62,7.15,7.86,7.81,7.35,7.19,6.71,8.24,8.55,8.52,7.11,7.96,7.45,7.91,8.17,7.01,7.68,391
DEA27,Rhein-Erft-Kreis,9.89,8.07,10.07,9.27,8.35,10.01,9.29,8.44,8.09,9.64,9.28,8.62,8.34,9.11,9.87,9.42,-9999,8.41,8.07,8.48,8.89,10.19,8.47,9.39,392
DE40D,Ostprignitz-Ruppin,6.41,5.25,5.98,6.08,3.6,6.29,6.1,5.64,5.53,6.37,6.75,6.33,5.64,6.71,7.23,7.15,6.57,6.57,5.66,5.1,4.75,6.13,5.78,7.02,393
DE40E,Potsdam-Mittelmark,5.5,4.75,5.81,4.8,3.62,6.04,5.56,5.2,5.7,6.77,6.94,5.7,4.64,6.13,6.68,6.98,8.19,7.24,5.64,4.3,4.44,6.23,6.15,6,394
DE40F,Prignitz,6.78,5.28,6.69,6.35,4.34,6.63,6.56,5.52,5,6.17,6.55,5.83,5.25,6.68,7.28,7.12,7.25,6.8,6.04,5,4.97,6.88,6.71,6.4,395
DE40G,Spree-Neiße,5.09,3.77,4.73,4.79,3.09,5.07,4.09,3.11,3.83,4.81,5.22,4.02,3.52,2.93,4.76,5.29,4.73,4.87,3.77,3.31,3.9,4.5,3.96,4.1,396
DE40H,Teltow-Fläming,6.53,4.57,6.16,5.86,3.91,6.96,6.34,5.47,6.17,6.91,7.19,6.09,4.79,6.06,7.25,7.76,6.64,7.88,6.38,4.71,5.52,6.78,6.1,6.61,397
DE40I,Uckermark,7.41,6.08,7.48,6.91,4.43,7.94,6.98,6.26,6.3,7.67,7.99,7.44,6.81,5.85,7.92,8.4,8.2,6.91,7.61,5.35,6.23,6.95,6.16,7.75,398
DE501,"Bremen, Kreisfreie Stadt",-9999,-9999,-9999,-9999,-9999,-9999,-9999,-9999,-9999,-9999,-9999,-9999,-9999,-9999,-9999,-9999,-9999,-9999,-9999,-9999,-9999,-9999,-9999,-9999,399
DE502,"Bremerhaven, Kreisfreie Stadt",-9999,-9999,-9999,-9999,-9999,-9999,-9999,-9999,-9999,-9999,-9999,-9999,-9999,-9999,-9999,-9999,-9999,-9999,-9999,-9999,-9999,-9999,-9999,-9999,400
DE600,Hamburg,-9999,-9999,-9999,-9999,-9999,-9999,-9999,-9999,-9999,-9999,-9999,-9999,-9999,-9999,-9999,-9999,-9999,-9999,-9999,-9999,-9999,-9999,-9999,-9999,401
DE711,"Darmstadt, Kreisfreie Stadt",7.81,7.32,8.02,7.17,7.47,9.06,7.14,7.69,6.92,7.66,7.68,7.68,7.52,6.19,7.97,8.33,8.33,-9999,-9999,-9999,-9999,-9999,-9999,-9999,402
DE712,"Frankfurt am Main, Kreisfreie Stadt",8.02,7.72,8.45,7.58,6.72,9.17,7.04,7.69,7.63,8.85,8.53,8.77,8.1,7.23,8.69,8.49,8.56,-9999,8.32,-9999,8.17,-9999,7.69,-9999,403
DE713,"Offenbach am Main, Kreisfreie Stadt",7.5,7.12,8.02,7.17,7.47,9.06,-9999,7.69,6.92,7.57,7.68,7.68,7.52,6.19,8.51,8.33,8.33,-9999,-9999,-9999,-9999,-9999,-9999,-9999,404
DE714,"Wiesbaden, Kreisfreie Stadt",7.39,7.72,8.23,7.17,7.47,9.06,7.33,7.69,7.63,9.56,8.46,8.77,8.1,7.23,8.59,8.39,8.56,-9999,-9999,-9999,-9999,-9999,7.52,7.65,405
DEA28,Euskirchen,7.53,7.43,9.13,8.35,7.68,8.55,7.83,7.53,7.17,8.77,8.64,6.66,7.35,8.22,9.3,8.64,-9999,7.79,6.33,8.12,7.86,7.73,7.56,8.71,406
DEA29,Heinsberg,9.19,8.18,9.87,9.03,8.66,9.24,9.09,8.2,7.9,9.32,8.64,8.53,8.3,9.05,9.67,9.61,9.35,7.47,7.81,8.64,9,10.69,8.54,10.38,407
DEA2A,Oberbergischer Kreis,5.9,5.18,5.47,5.34,5.85,5.92,6.91,5.06,5.21,5.56,5.41,7.02,6.68,4.17,10.05,6.24,-9999,-9999,7.23,4.94,-9999,-9999,5.47,-9999,408
DEA2B,Rheinisch-Bergischer Kreis,5.79,5.25,-9999,4.6,4.69,-9999,-9999,6.44,4.07,4.76,4.63,-9999,-9999,-9999,-9999,4.91,-9999,-9999,-9999,-9999,-9999,-9999,-9999,-9999,409
DEA2C,Rhein-Sieg-Kreis,8.06,8.06,9.49,8.39,7.93,8.83,7.6,8.06,7.43,7.7,8.4,7.1,7.22,7.73,8.69,8.31,7.78,8.02,6.84,8.44,8.63,7.41,8.5,9.03,410
DEA2D,Städteregion Aachen,-9999,-9999,-9999,-9999,-9999,-9999,-9999,-9999,-9999,-9999,9.59,9.25,9.14,9.63,10.05,10.05,9.79,7.75,9.12,9.8,10.06,10.85,7.6,10.57,411
DE11B,Main-Tauber-Kreis,6.64,6.59,7.09,7.01,5.71,8.22,6.97,7.71,7,7.27,7.52,6.66,5.48,4.91,7.19,8,6.48,6.69,7.29,6.64,6.85,6.95,6.25,6.17,412
DE11C,Heidenheim,6.24,6.94,7.1,6.61,5.91,7.89,6.67,6.88,7.78,6.97,7.09,6.31,5.97,7.43,6.82,7.5,6.88,6.02,5.9,7.65,6.33,6.9,5.95,6.92,413
DE11D,Ostalbkreis,5.8,6.61,6.77,6.5,5.84,7.67,6.27,6.67,7.06,7.13,7.39,6.65,7.16,7.7,8.01,8.71,8.52,6.76,8.44,7.9,7.77,8.29,6.84,7.85,414
DE121,"Baden-Baden, Stadtkreis",-9999,-9999,-9999,-9999,-9999,-9999,-9999,-9999,-9999,-9999,-9999,-9999,-9999,-9999,-9999,-9999,-9999,-9999,-9999,-9999,-9999,-9999,-9999,-9999,415
DE122,"Karlsruhe, Stadtkreis",-9999,-9999,-9999,-9999,-9999,-9999,-9999,-9999,-9999,-9999,-9999,-9999,-9999,-9999,-9999,-9999,-9999,-9999,-9999,-9999,-9999,-9999,-9999,-9999,416
DE236,Neumarkt i. d. OPf.,6.32,6.32,6.87,6.32,5.24,7.77,6.09,6.63,7.17,7.08,6.55,6.33,6.89,6.72,7.12,7.54,7.63,7.49,7.42,6.81,7.17,8.39,7.33,7.67,417
DEG06,Eichsfeld,7.54,7.5,8.18,6.78,6.7,8.1,7.86,7.48,7.49,8.03,8.23,6.9,6.94,7.31,8.12,8.63,8.21,8.63,8.2,6.32,8.22,7.99,7.67,7.83,418
DEG07,Nordhausen,7.14,6.93,7.43,6.07,6.5,7.51,7.1,6.55,6.52,7.43,7.15,6.07,6.77,7.31,7.94,8.65,7.52,8.64,8,6.24,7.8,7.8,7.46,7.47,419
DEG09,Unstrut-Hainich-Kreis,7.64,7.39,7.9,6.23,6.27,8.17,7.37,6.96,6.79,8.1,7.98,6.86,6.73,7.2,8.17,8.8,7.17,8.89,8.06,6.87,7.59,7.93,7.57,8.13,420
DEG0A,Kyffhäuserkreis,7.43,7.25,7.71,6.09,6.52,7.78,6.92,6.37,6.68,7.68,7.4,6.47,6.23,7.2,7.9,8.25,7.23,8.24,7.7,6.2,6.24,7.33,7.43,7.55,421
DE123,"Karlsruhe, Landkreis",6.13,6.68,6.15,6.4,5.43,7.8,6.59,7.14,6.3,7.61,7.26,6.54,6.27,7.01,7.46,7.86,7.54,5.85,6.59,6.69,7.17,6.9,5.99,7.59,422
DE124,Rastatt,6.17,6.34,5.74,6.43,5.51,7.04,6.14,6.51,5.83,6.93,6.9,6.91,-9999,-9999,-9999,-9999,-9999,6.03,-9999,6.7,7.24,7.38,5.92,6.54,423
DE22B,Straubing-Bogen,6.76,7.75,7.64,6.96,6.42,9.09,7.45,7.41,8.49,8.28,7.57,7.27,8.44,8.29,7.7,9.76,8.72,7.7,8.46,7.37,8.78,9.15,8.33,8.45,424
DE22C,Dingolfing-Landau,6.48,7.19,7.3,6.9,5.81,8.52,7.33,7.15,8,8.07,7.29,6.71,7.74,7.53,7.23,9.25,8.71,7.71,8.29,7.29,8.52,8.8,7.98,8.24,425
DE231,"Amberg, Kreisfreie Stadt",6.13,6.36,6.87,5.99,5.18,8.13,6.79,6.67,6.48,5.97,6.63,6.35,6.71,7.4,6.26,7.22,6.51,7.34,-9999,-9999,-9999,-9999,-9999,-9999,426
DE232,"Regensburg, Kreisfreie Stadt",6.72,6.23,6.09,6.52,6.27,8.27,7.08,7.68,7.71,7.87,7.99,7.03,8.32,8.38,8.27,9.29,9.22,8.02,-9999,-9999,-9999,-9999,-9999,-9999,427
DE233,"Weiden i. d. Opf, Kreisfreie Stadt",6.06,6.77,6.12,5.97,5.18,8.3,5.99,6.38,7.05,6.29,7.05,5.88,6.24,7.4,6.26,7.74,7.59,6.77,-9999,-9999,-9999,-9999,-9999,-9999,428
DE237,Neustadt a. d. Waldnaab,5.93,6.25,6.33,6.53,5.53,7.27,6.07,5.68,6.6,6.84,6.48,6.36,6.89,6.72,6.64,7.56,7.65,7.25,7.14,5.52,7.1,7.62,7.08,6.13,429
DE238,"Regensburg, Landkreis",6.69,7.4,7.27,6.56,6.27,8.32,7.34,7.27,7.83,8.06,7.25,6.75,8.06,7.84,7.52,8.35,8.57,7.79,8.23,7.43,7.99,8.39,7.59,8.07,430
DE239,Schwandorf,6.3,6.21,6.32,6.14,5.23,7.83,6.17,6.41,7.07,6.89,6.35,5.66,6.48,6.97,6.89,8.49,7.92,7.55,6.48,5.63,6.58,8.26,7.09,6.82,431
DE23A,Tirschenreuth,6.6,6.58,6.8,6.83,6.17,7.61,6.33,6.38,7.38,7.29,6.82,6.74,7.44,6.84,7.14,8.23,7.54,7.68,7.92,7.26,7.29,9.05,7.21,6.64,432
DE241,"Bamberg, Kreisfreie Stadt",5.86,6.43,6.34,6.06,4.85,7.45,6.08,6.15,6.16,5.83,6.3,6.17,5.88,5.42,6.26,7.02,6.51,6.79,-9999,-9999,-9999,-9999,-9999,-9999,433
DE242,"Bayreuth, Kreisfreie Stadt",6.26,5.04,6.26,6.02,4.88,7.15,6.49,6.4,5.69,6.21,7.15,5.88,5.92,6.81,6.48,7.43,7.7,-9999,-9999,-9999,-9999,-9999,-9999,-9999,434
DE243,"Coburg, Kreisfreie Stadt",6.06,5.53,6.37,6,5.39,8.11,6.61,6.25,7.1,6.15,6.97,6.08,5.8,6.31,6.89,7.33,7.16,-9999,-9999,-9999,-9999,-9999,-9999,-9999,435
DE244,"Hof, Kreisfreie Stadt",6.24,5.83,6.49,7.25,5.9,8.22,6.34,6.27,5.66,6.41,6.58,5.94,6.22,6.25,6.31,8.26,6.51,-9999,-9999,-9999,-9999,-9999,-9999,-9999,436
DE245,"Bamberg, Landkreis",5.94,6.13,6.09,5.97,4.86,7.84,6.05,5.8,6.03,5.72,6.32,6.15,5.86,5.87,6.64,6.82,6.8,6.92,6.04,4.96,6.11,6.35,5.51,4.59,437
DE246,"Bayreuth, Landkreis",6.09,5.84,6.19,5.79,5.29,6.85,5.89,5.88,6.13,6.38,6.25,5.9,5.89,6.16,6.48,7.68,6.91,6.84,7.28,6.29,6.4,7.54,6.93,5.42,438
DEA11,"Düsseldorf, Kreisfreie Stadt",9.03,7.34,8.7,8.56,8.19,8.31,8.31,7.43,6.9,7.66,8.25,6.23,5.78,7.45,7.67,-9999,-9999,-9999,-9999,-9999,-9999,-9999,-9999,-9999,439
DEA12,"Duisburg, Kreisfreie Stadt",8.23,7.3,8.67,8.77,7.15,8.24,7.54,6.87,6.45,-9999,9.31,6.14,6.08,6.06,7.57,10.03,-9999,-9999,-9999,-9999,-9999,-9999,-9999,-9999,440
DEA13,"Essen, Kreisfreie Stadt",9.68,8.79,8.87,8.88,9.07,8.59,-9999,-9999,8.14,8.07,-9999,-9999,-9999,-9999,-9999,-9999,-9999,-9999,-9999,-9999,-9999,-9999,-9999,-9999,441
DEA14,"Krefeld, Kreisfreie Stadt",9.52,8.27,7.74,8.56,8.43,9.51,8.14,7.63,-9999,10.14,-9999,-9999,-9999,-9999,-9999,-9999,-9999,-9999,-9999,-9999,-9999,-9999,-9999,-9999,442
DEA15,"Mönchengladbach, Kreisfreie Stadt",-9999,-9999,-9999,-9999,-9999,-9999,-9999,-9999,-9999,-9999,-9999,-9999,-9999,-9999,-9999,-9999,-9999,-9999,-9999,-9999,-9999,-9999,-9999,-9999,443
DEA16,"Mülheim an der Ruhr, Kreisfreie Stadt",9.46,-9999,-9999,-9999,-9999,-9999,-9999,-9999,-9999,-9999,-9999,-9999,-9999,-9999,-9999,-9999,-9999,-9999,-9999,-9999,-9999,-9999,-9999,-9999,444
DEA1B,Kleve,8.85,8.18,8.14,8.22,8.05,8.73,8.59,7.73,7.29,9.12,8.87,7.62,7.88,9.25,9.35,9.73,-9999,8.25,8.2,8.06,8.95,8.05,8.06,8.75,445
DEG0B,Schmalkalden-Meiningen,6.27,5.62,6.35,6.02,5.04,6.44,6.4,6.36,6.37,5.72,6.72,5.69,5.72,5.81,6.66,7.16,6.56,7.71,7.01,6.18,6.48,6.79,6.4,6.34,446
DEG0C,Gotha,7.93,6.92,7.85,6.59,6.85,8.18,7.11,7.33,7.19,7.61,7.73,6.54,6.96,7.36,7.69,8.41,6.49,8.51,8.25,6.99,7.12,7.38,7.36,7.23,447
DEG0D,Sömmerda,7.38,6.59,7.02,5.56,6.01,7.56,6.2,6.1,5.22,7.47,7.13,5.84,5.66,5.8,7.56,7.84,6.47,8.13,7.36,5.54,5.08,6.33,7.15,6.52,448
DEG0E,Hildburghausen,5.66,5.49,6.04,5.75,4.55,6.35,6.1,5.99,5.83,4.71,6.67,4.98,4.39,5.19,6.15,6.35,5.41,6.64,5.71,4.31,5.42,5.83,5.83,4.71,449
DEG0F,Ilm-Kreis,6.9,5.91,7.48,6.19,5.27,7.37,5.73,6.47,6.1,6.72,6.96,5.44,5.89,6.17,6.82,7.34,5.8,7.74,7.29,5.75,5.6,6.66,6.5,5.8,450
DEG0G,Weimarer Land,7.62,7.01,7.87,6.42,7.09,8.48,7.21,6.96,7.33,8.77,7.66,6.6,7.14,7.33,7.8,8.42,7.65,9.07,8.27,6.31,6.56,7.26,7.93,7.12,451
DEG0H,Sonneberg,5.66,6.3,6.16,5.9,5.53,7.06,6.99,6.06,6.3,7.09,6.44,6.26,5.21,5.9,6.39,6.86,6.95,6.6,6.73,5.29,5.85,6.79,5.38,4.41,452
DEG0I,Saalfeld-Rudolstadt,6.49,5.54,6.58,5.75,5.73,7.18,6.68,6.24,6.27,7.1,6.95,5.61,6.47,6.69,5.88,7.21,6.39,7.27,6.74,5.56,5.53,7.03,6.49,4.86,453
Dec-05,Saarpfalz-Kreis,6.28,6.49,5.99,6.49,4.98,6.78,5.88,6.29,5.34,6.83,6.82,6.82,5.37,6.44,6.95,6.63,6.37,5.98,6.33,-9999,-9999,-9999,5.6,6.06,454
Dec-06,St. Wendel,6.19,6.53,5.76,5.99,4.93,6.5,5.6,5.9,5.12,6.5,6.58,6.52,5.01,5.98,6.76,6.55,6.75,4.15,-9999,-9999,-9999,-9999,-9999,-9999,455
